2026/10/09 23:26:28.847, P0, 1500 MHz, 7001 MHz, 1 %, 48.48 W, 48
2026/10/09 23:26:28.971, P0, 1500 MHz, 7001 MHz, 1 %, 48.48 W, 48
2026/10/09 23:26:29.081, P0, 1500 MHz, 7001 MHz, 1 %, 48.48 W, 48
2026/10/09 23:26:29.190, P0, 1500 MHz, 7001 MHz, 1 %, 48.48 W, 48
2026/10/09 23:26:29.298, P0, 1500 MHz, 7001 MHz, 1 %, 48.48 W, 48
2026/10/09 23:26:29.405, P0, 1500 MHz, 7001 MHz, 1 %, 48.46 W, 48
2026/10/09 23:26:29.511, P0, 1500 MHz, 7001 MHz, 1 %, 48.46 W, 48
2026/10/09 23:26:29.620, P0, 1500 MHz, 7001 MHz, 1 %, 48.46 W, 48
2026/10/09 23:26:29.728, P0, 1500 MHz, 7001 MHz, 1 %, 48.46 W, 48
2026/10/09 23:26:29.835, P0, 1500 MHz, 7001 MHz, 1 %, 48.46 W, 48
2026/10/09 23:26:29.944, P0, 1500 MHz, 7001 MHz, 0 %, 48.51 W, 48
2026/10/09 23:26:30.053, P0, 1500 MHz, 7001 MHz, 0 %, 48.51 W, 48
2026/10/09 23:26:30.162, P0, 1500 MHz, 7001 MHz, 0 %, 48.51 W, 48
2026/10/09 23:26:30.271, P0, 1500 MHz, 7001 MHz, 0 %, 48.51 W, 48
2026/10/09 23:26:30.379, P0, 1500 MHz, 7001 MHz, 1 %, 48.56 W, 48
2026/10/09 23:26:30.487, P0, 1500 MHz, 7001 MHz, 1 %, 48.56 W, 48
2026/10/09 23:26:30.596, P0, 1500 MHz, 7001 MHz, 1 %, 48.56 W, 48
2026/10/09 23:26:30.705, P0, 1500 MHz, 7001 MHz, 1 %, 48.56 W, 48
2026/10/09 23:26:30.816, P0, 1500 MHz, 7001 MHz, 1 %, 48.56 W, 48
2026/10/09 23:26:30.923, P0, 1500 MHz, 7001 MHz, 0 %, 48.53 W, 48
2026/10/09 23:26:31.031, P0, 1500 MHz, 7001 MHz, 0 %, 48.53 W, 48
2026/10/09 23:26:31.140, P0, 1500 MHz, 7001 MHz, 0 %, 48.53 W, 48
2026/10/09 23:26:31.248, P0, 1500 MHz, 7001 MHz, 0 %, 48.53 W, 48
2026/10/09 23:26:31.354, P0, 1500 MHz, 7001 MHz, 0 %, 48.52 W, 48
2026/10/09 23:26:31.465, P0, 1500 MHz, 7001 MHz, 0 %, 48.52 W, 48
2026/10/09 23:26:31.572, P0, 1500 MHz, 7001 MHz, 0 %, 48.52 W, 48
2026/10/09 23:26:31.679, P0, 1500 MHz, 7001 MHz, 0 %, 48.52 W, 48
2026/10/09 23:26:31.787, P0, 1500 MHz, 7001 MHz, 0 %, 48.52 W, 48
2026/10/09 23:26:31.896, P0, 1500 MHz, 7001 MHz, 1 %, 48.53 W, 48
2026/10/09 23:26:32.005, P0, 1500 MHz, 7001 MHz, 1 %, 48.53 W, 48
2026/10/09 23:26:32.113, P0, 1500 MHz, 7001 MHz, 1 %, 48.53 W, 48
2026/10/09 23:26:32.222, P0, 1500 MHz, 7001 MHz, 1 %, 48.53 W, 48
2026/10/09 23:26:32.333, P0, 1500 MHz, 7001 MHz, 1 %, 48.53 W, 48
2026/10/09 23:26:32.441, P0, 1500 MHz, 7001 MHz, 1 %, 48.54 W, 48
2026/10/09 23:26:32.549, P0, 1500 MHz, 7001 MHz, 1 %, 48.54 W, 48
2026/10/09 23:26:32.658, P0, 1500 MHz, 7001 MHz, 1 %, 48.54 W, 48
2026/10/09 23:26:32.767, P0, 1500 MHz, 7001 MHz, 1 %, 48.54 W, 48
2026/10/09 23:26:32.876, P0, 1500 MHz, 7001 MHz, 2 %, 48.59 W, 48
2026/10/09 23:26:32.985, P0, 1500 MHz, 7001 MHz, 2 %, 48.59 W, 48
2026/10/09 23:26:33.092, P0, 1500 MHz, 7001 MHz, 2 %, 48.59 W, 48
2026/10/09 23:26:33.199, P0, 1500 MHz, 7001 MHz, 2 %, 48.59 W, 48
2026/10/09 23:26:33.307, P0, 1500 MHz, 7001 MHz, 2 %, 48.59 W, 48
2026/10/09 23:26:33.417, P0, 1500 MHz, 7001 MHz, 1 %, 48.71 W, 48
2026/10/09 23:26:33.526, P0, 1500 MHz, 7001 MHz, 1 %, 48.71 W, 48
2026/10/09 23:26:33.634, P0, 1500 MHz, 7001 MHz, 1 %, 48.71 W, 48
2026/10/09 23:26:33.742, P0, 1500 MHz, 7001 MHz, 1 %, 48.71 W, 48
2026/10/09 23:26:33.852, P0, 1500 MHz, 7001 MHz, 1 %, 48.78 W, 48
2026/10/09 23:26:33.960, P0, 1500 MHz, 7001 MHz, 1 %, 48.78 W, 48
2026/10/09 23:26:34.068, P0, 1500 MHz, 7001 MHz, 1 %, 48.78 W, 48
2026/10/09 23:26:34.176, P0, 1500 MHz, 7001 MHz, 1 %, 48.78 W, 48
2026/10/09 23:26:34.284, P0, 1500 MHz, 7001 MHz, 1 %, 48.78 W, 48
2026/10/09 23:26:34.394, P0, 1500 MHz, 7001 MHz, 1 %, 48.76 W, 48
2026/10/09 23:26:34.503, P0, 1500 MHz, 7001 MHz, 1 %, 48.76 W, 48
2026/10/09 23:26:34.613, P0, 1500 MHz, 7001 MHz, 1 %, 48.76 W, 48
2026/10/09 23:26:34.721, P0, 1500 MHz, 7001 MHz, 1 %, 48.76 W, 48
2026/10/09 23:26:34.830, P0, 1500 MHz, 7001 MHz, 1 %, 48.76 W, 48
2026/10/09 23:26:34.940, P0, 1500 MHz, 7001 MHz, 1 %, 48.76 W, 48
2026/10/09 23:26:35.048, P0, 1500 MHz, 7001 MHz, 1 %, 48.76 W, 48
2026/10/09 23:26:35.157, P0, 1500 MHz, 7001 MHz, 1 %, 48.76 W, 48
2026/10/09 23:26:35.265, P0, 1500 MHz, 7001 MHz, 1 %, 48.76 W, 48
2026/10/09 23:26:35.372, P0, 1500 MHz, 7001 MHz, 1 %, 48.73 W, 48
2026/10/09 23:26:35.480, P0, 1500 MHz, 7001 MHz, 1 %, 48.73 W, 48
2026/10/09 23:26:35.591, P0, 1500 MHz, 7001 MHz, 1 %, 48.73 W, 48
2026/10/09 23:26:35.701, P0, 1500 MHz, 7001 MHz, 1 %, 48.73 W, 48
2026/10/09 23:26:35.810, P0, 1500 MHz, 7001 MHz, 1 %, 48.73 W, 48
2026/10/09 23:26:35.922, P0, 1500 MHz, 7001 MHz, 1 %, 48.72 W, 48
2026/10/09 23:26:36.029, P0, 1500 MHz, 7001 MHz, 1 %, 48.72 W, 48
2026/10/09 23:26:36.140, P0, 1500 MHz, 7001 MHz, 1 %, 48.72 W, 48
2026/10/09 23:26:36.248, P0, 1500 MHz, 7001 MHz, 1 %, 48.72 W, 48
2026/10/09 23:26:36.357, P0, 1500 MHz, 7001 MHz, 1 %, 48.80 W, 48
2026/10/09 23:26:36.465, P0, 1500 MHz, 7001 MHz, 1 %, 48.80 W, 48
2026/10/09 23:26:36.572, P0, 1500 MHz, 7001 MHz, 1 %, 48.80 W, 48
2026/10/09 23:26:36.680, P0, 1500 MHz, 7001 MHz, 1 %, 48.80 W, 48
2026/10/09 23:26:36.789, P0, 1500 MHz, 7001 MHz, 1 %, 48.80 W, 48
2026/10/09 23:26:36.898, P0, 1500 MHz, 7001 MHz, 1 %, 48.84 W, 48
2026/10/09 23:26:37.006, P0, 1500 MHz, 7001 MHz, 1 %, 48.84 W, 48
2026/10/09 23:26:37.115, P0, 1500 MHz, 7001 MHz, 1 %, 48.84 W, 48
2026/10/09 23:26:37.226, P0, 1500 MHz, 7001 MHz, 1 %, 48.84 W, 48
2026/10/09 23:26:37.335, P0, 1500 MHz, 7001 MHz, 1 %, 48.84 W, 48
2026/10/09 23:26:37.443, P0, 1500 MHz, 7001 MHz, 0 %, 48.84 W, 48
2026/10/09 23:26:37.552, P0, 1500 MHz, 7001 MHz, 0 %, 48.84 W, 48
2026/10/09 23:26:37.661, P0, 1500 MHz, 7001 MHz, 0 %, 48.84 W, 48
2026/10/09 23:26:37.769, P0, 1500 MHz, 7001 MHz, 0 %, 48.84 W, 48
2026/10/09 23:26:37.877, P0, 1500 MHz, 7001 MHz, 0 %, 48.84 W, 48
2026/10/09 23:26:37.986, P0, 1500 MHz, 7001 MHz, 0 %, 48.84 W, 48
2026/10/09 23:26:38.091, P0, 1500 MHz, 7001 MHz, 0 %, 48.84 W, 48
2026/10/09 23:26:38.200, P0, 1500 MHz, 7001 MHz, 0 %, 48.84 W, 48
2026/10/09 23:26:38.310, P0, 1500 MHz, 7001 MHz, 0 %, 48.84 W, 48
2026/10/09 23:26:38.419, P0, 1500 MHz, 7001 MHz, 1 %, 48.87 W, 48
2026/10/09 23:26:38.527, P0, 1500 MHz, 7001 MHz, 1 %, 48.87 W, 48
2026/10/09 23:26:38.636, P0, 1500 MHz, 7001 MHz, 1 %, 48.87 W, 48
2026/10/09 23:26:38.812, P0, 1500 MHz, 7001 MHz, 1 %, 48.87 W, 48
2026/10/09 23:26:38.933, P0, 1500 MHz, 7001 MHz, 0 %, 48.89 W, 48
2026/10/09 23:26:39.042, P0, 1500 MHz, 7001 MHz, 0 %, 48.89 W, 48
2026/10/09 23:26:39.151, P0, 1500 MHz, 7001 MHz, 0 %, 48.89 W, 48
2026/10/09 23:26:39.261, P0, 1500 MHz, 7001 MHz, 0 %, 48.89 W, 48
2026/10/09 23:26:39.367, P2, 1815 MHz, 6801 MHz, 27 %, 50.22 W, 49
2026/10/09 23:26:39.475, P2, 1815 MHz, 6801 MHz, 27 %, 50.22 W, 49
2026/10/09 23:26:39.584, P2, 1815 MHz, 6801 MHz, 27 %, 50.22 W, 49
2026/10/09 23:26:39.694, P2, 1815 MHz, 6801 MHz, 27 %, 50.22 W, 49
2026/10/09 23:26:39.803, P2, 1815 MHz, 6801 MHz, 27 %, 50.22 W, 49
2026/10/09 23:26:39.911, P2, 1815 MHz, 6801 MHz, 11 %, 54.59 W, 49
2026/10/09 23:26:40.017, P2, 1815 MHz, 6801 MHz, 11 %, 54.59 W, 49
2026/10/09 23:26:40.126, P2, 1815 MHz, 6801 MHz, 11 %, 54.59 W, 49
2026/10/09 23:26:40.236, P2, 1815 MHz, 6801 MHz, 11 %, 54.59 W, 49
2026/10/09 23:26:40.346, P2, 1815 MHz, 6801 MHz, 6 %, 58.26 W, 49
2026/10/09 23:26:40.454, P2, 1815 MHz, 6801 MHz, 6 %, 58.26 W, 49
2026/10/09 23:26:40.563, P2, 1815 MHz, 6801 MHz, 6 %, 58.26 W, 49
2026/10/09 23:26:40.672, P2, 1815 MHz, 6801 MHz, 6 %, 58.26 W, 49
2026/10/09 23:26:40.780, P2, 1815 MHz, 6801 MHz, 6 %, 58.26 W, 49
2026/10/09 23:26:40.889, P2, 1815 MHz, 6801 MHz, 0 %, 57.72 W, 49
2026/10/09 23:26:41.000, P2, 1815 MHz, 6801 MHz, 0 %, 57.72 W, 49
2026/10/09 23:26:41.109, P2, 1815 MHz, 6801 MHz, 0 %, 57.72 W, 49
2026/10/09 23:26:41.232, P2, 1815 MHz, 6801 MHz, 0 %, 57.72 W, 49
2026/10/09 23:26:41.340, P2, 1815 MHz, 6801 MHz, 0 %, 57.72 W, 49
2026/10/09 23:26:41.446, P2, 1815 MHz, 6801 MHz, 8 %, 57.90 W, 50
2026/10/09 23:26:41.554, P2, 1815 MHz, 6801 MHz, 8 %, 57.90 W, 50
2026/10/09 23:26:41.662, P2, 1815 MHz, 6801 MHz, 8 %, 57.90 W, 50
2026/10/09 23:26:41.773, P2, 1815 MHz, 6801 MHz, 8 %, 57.90 W, 50
2026/10/09 23:26:41.882, P2, 1815 MHz, 6801 MHz, 4 %, 58.08 W, 50
2026/10/09 23:26:41.990, P2, 1815 MHz, 6801 MHz, 4 %, 58.08 W, 50
2026/10/09 23:26:42.100, P2, 1815 MHz, 6801 MHz, 4 %, 58.08 W, 50
2026/10/09 23:26:42.209, P2, 1815 MHz, 6801 MHz, 4 %, 58.08 W, 50
2026/10/09 23:26:42.322, P2, 1815 MHz, 6801 MHz, 4 %, 58.08 W, 50
2026/10/09 23:26:42.426, P2, 1815 MHz, 6801 MHz, 1 %, 57.97 W, 50
2026/10/09 23:26:42.537, P2, 1815 MHz, 6801 MHz, 1 %, 57.97 W, 50
2026/10/09 23:26:42.645, P2, 1815 MHz, 6801 MHz, 1 %, 57.97 W, 50
2026/10/09 23:26:42.753, P2, 1815 MHz, 6801 MHz, 1 %, 57.97 W, 50
2026/10/09 23:26:42.862, P2, 1905 MHz, 6801 MHz, 83 %, 60.02 W, 51
2026/10/09 23:26:42.970, P2, 1905 MHz, 6801 MHz, 83 %, 60.02 W, 51
2026/10/09 23:26:43.078, P2, 1905 MHz, 6801 MHz, 83 %, 60.02 W, 51
2026/10/09 23:26:43.188, P2, 1905 MHz, 6801 MHz, 83 %, 60.02 W, 51
2026/10/09 23:26:43.298, P2, 1905 MHz, 6801 MHz, 83 %, 60.02 W, 51
2026/10/09 23:26:43.407, P2, 1905 MHz, 6801 MHz, 3 %, 63.50 W, 50
2026/10/09 23:26:43.515, P2, 1905 MHz, 6801 MHz, 3 %, 63.50 W, 50
2026/10/09 23:26:43.623, P2, 1905 MHz, 6801 MHz, 3 %, 63.50 W, 50
2026/10/09 23:26:43.731, P2, 1905 MHz, 6801 MHz, 3 %, 63.50 W, 50
2026/10/09 23:26:43.841, P2, 1905 MHz, 6801 MHz, 3 %, 63.50 W, 50
2026/10/09 23:26:43.950, P2, 1905 MHz, 6801 MHz, 2 %, 64.93 W, 50
2026/10/09 23:26:44.093, P2, 1905 MHz, 6801 MHz, 2 %, 64.93 W, 50
2026/10/09 23:26:44.210, P2, 1905 MHz, 6801 MHz, 2 %, 64.93 W, 50
2026/10/09 23:26:44.330, P2, 1905 MHz, 6801 MHz, 2 %, 64.93 W, 50
2026/10/09 23:26:44.442, P2, 1905 MHz, 6801 MHz, 2 %, 61.84 W, 50
2026/10/09 23:26:44.550, P2, 1905 MHz, 6801 MHz, 2 %, 61.84 W, 50
2026/10/09 23:26:44.658, P2, 1905 MHz, 6801 MHz, 2 %, 61.84 W, 50
2026/10/09 23:26:44.765, P2, 1905 MHz, 6801 MHz, 2 %, 61.84 W, 50
2026/10/09 23:26:44.873, P2, 1905 MHz, 6801 MHz, 4 %, 62.15 W, 50
2026/10/09 23:26:44.988, P2, 1905 MHz, 6801 MHz, 4 %, 62.15 W, 50
2026/10/09 23:26:45.104, P2, 1905 MHz, 6801 MHz, 4 %, 62.15 W, 50
2026/10/09 23:26:45.261, P2, 1905 MHz, 6801 MHz, 4 %, 62.15 W, 50
2026/10/09 23:26:45.402, P2, 1815 MHz, 6801 MHz, 4 %, 60.72 W, 50
2026/10/09 23:26:45.510, P2, 1815 MHz, 6801 MHz, 4 %, 60.72 W, 50
2026/10/09 23:26:45.618, P2, 1815 MHz, 6801 MHz, 4 %, 60.72 W, 50
2026/10/09 23:26:45.732, P2, 1815 MHz, 6801 MHz, 4 %, 60.72 W, 50
2026/10/09 23:26:45.853, P2, 1500 MHz, 6801 MHz, 0 %, 55.22 W, 49
2026/10/09 23:26:45.960, P2, 1500 MHz, 6801 MHz, 0 %, 55.22 W, 49
2026/10/09 23:26:46.067, P2, 1500 MHz, 6801 MHz, 0 %, 55.22 W, 49
2026/10/09 23:26:46.176, P2, 1500 MHz, 6801 MHz, 0 %, 55.22 W, 49
2026/10/09 23:26:46.284, P2, 1500 MHz, 6801 MHz, 0 %, 55.22 W, 49
2026/10/09 23:26:46.393, P2, 1500 MHz, 6801 MHz, 5 %, 50.66 W, 49
2026/10/09 23:26:46.501, P2, 1500 MHz, 6801 MHz, 5 %, 50.66 W, 49
2026/10/09 23:26:46.611, P2, 1500 MHz, 6801 MHz, 5 %, 50.66 W, 49
2026/10/09 23:26:46.719, P2, 1500 MHz, 6801 MHz, 5 %, 50.66 W, 49
2026/10/09 23:26:46.828, P2, 1500 MHz, 6801 MHz, 5 %, 50.66 W, 49
2026/10/09 23:26:46.938, P2, 1500 MHz, 6801 MHz, 0 %, 49.22 W, 49
2026/10/09 23:26:47.045, P2, 1500 MHz, 6801 MHz, 0 %, 49.22 W, 49
2026/10/09 23:26:47.153, P2, 1500 MHz, 6801 MHz, 0 %, 49.22 W, 49
2026/10/09 23:26:47.261, P2, 1500 MHz, 6801 MHz, 0 %, 49.22 W, 49
2026/10/09 23:26:47.368, P2, 1500 MHz, 6801 MHz, 0 %, 49.21 W, 49
2026/10/09 23:26:47.476, P2, 1500 MHz, 6801 MHz, 0 %, 49.21 W, 49
2026/10/09 23:26:47.584, P2, 1500 MHz, 6801 MHz, 0 %, 49.21 W, 49
2026/10/09 23:26:47.692, P2, 1500 MHz, 6801 MHz, 0 %, 49.21 W, 49
2026/10/09 23:26:47.805, P2, 1500 MHz, 6801 MHz, 0 %, 49.21 W, 49
2026/10/09 23:26:47.913, P2, 1500 MHz, 6801 MHz, 4 %, 49.07 W, 49
2026/10/09 23:26:48.022, P2, 1500 MHz, 6801 MHz, 4 %, 49.07 W, 49
2026/10/09 23:26:48.129, P2, 1500 MHz, 6801 MHz, 4 %, 49.07 W, 49
2026/10/09 23:26:48.237, P2, 1500 MHz, 6801 MHz, 4 %, 49.07 W, 49
2026/10/09 23:26:48.346, P2, 1500 MHz, 6801 MHz, 1 %, 49.09 W, 49
2026/10/09 23:26:48.456, P2, 1500 MHz, 6801 MHz, 1 %, 49.09 W, 49
2026/10/09 23:26:48.565, P2, 1500 MHz, 6801 MHz, 1 %, 49.09 W, 49
2026/10/09 23:26:48.673, P2, 1500 MHz, 6801 MHz, 1 %, 49.09 W, 49
2026/10/09 23:26:48.782, P2, 1500 MHz, 6801 MHz, 1 %, 49.09 W, 49
2026/10/09 23:26:48.890, P2, 1500 MHz, 6801 MHz, 0 %, 49.21 W, 49
2026/10/09 23:26:48.998, P2, 1500 MHz, 6801 MHz, 0 %, 49.21 W, 49
2026/10/09 23:26:49.107, P2, 1500 MHz, 6801 MHz, 0 %, 49.21 W, 49
2026/10/09 23:26:49.216, P2, 1500 MHz, 6801 MHz, 0 %, 49.21 W, 49
2026/10/09 23:26:49.324, P2, 1500 MHz, 6801 MHz, 0 %, 49.21 W, 49
2026/10/09 23:26:49.434, P2, 1500 MHz, 6801 MHz, 1 %, 49.12 W, 49
2026/10/09 23:26:49.543, P2, 1500 MHz, 6801 MHz, 1 %, 49.12 W, 49
2026/10/09 23:26:49.653, P2, 1500 MHz, 6801 MHz, 1 %, 49.12 W, 49
2026/10/09 23:26:49.762, P2, 1500 MHz, 6801 MHz, 1 %, 49.12 W, 49
2026/10/09 23:26:49.869, P2, 1500 MHz, 6801 MHz, 4 %, 49.16 W, 49
2026/10/09 23:26:49.977, P2, 1500 MHz, 6801 MHz, 4 %, 49.16 W, 49
2026/10/09 23:26:50.086, P2, 1500 MHz, 6801 MHz, 4 %, 49.16 W, 49
2026/10/09 23:26:50.194, P2, 1500 MHz, 6801 MHz, 4 %, 49.16 W, 49
2026/10/09 23:26:50.305, P2, 1500 MHz, 6801 MHz, 4 %, 49.16 W, 49
2026/10/09 23:26:50.411, P2, 1500 MHz, 6801 MHz, 4 %, 49.22 W, 49
2026/10/09 23:26:50.520, P2, 1500 MHz, 6801 MHz, 4 %, 49.22 W, 49
2026/10/09 23:26:50.628, P2, 1500 MHz, 6801 MHz, 4 %, 49.22 W, 49
2026/10/09 23:26:50.736, P2, 1500 MHz, 6801 MHz, 4 %, 49.22 W, 49
2026/10/09 23:26:50.848, P2, 1500 MHz, 6801 MHz, 0 %, 49.18 W, 50
2026/10/09 23:26:50.958, P2, 1500 MHz, 6801 MHz, 0 %, 49.18 W, 50
2026/10/09 23:26:51.066, P2, 1500 MHz, 6801 MHz, 0 %, 49.18 W, 50
2026/10/09 23:26:51.173, P2, 1500 MHz, 6801 MHz, 0 %, 49.18 W, 50
2026/10/09 23:26:51.282, P2, 1500 MHz, 6801 MHz, 0 %, 49.18 W, 50
2026/10/09 23:26:51.391, P2, 1500 MHz, 6801 MHz, 4 %, 49.19 W, 50
2026/10/09 23:26:51.499, P2, 1500 MHz, 6801 MHz, 4 %, 49.19 W, 50
2026/10/09 23:26:51.607, P2, 1500 MHz, 6801 MHz, 4 %, 49.19 W, 50
2026/10/09 23:26:51.717, P2, 1500 MHz, 6801 MHz, 4 %, 49.19 W, 50
2026/10/09 23:26:51.824, P2, 1500 MHz, 6801 MHz, 4 %, 49.19 W, 50
2026/10/09 23:26:51.934, P2, 1500 MHz, 6801 MHz, 0 %, 49.16 W, 49
2026/10/09 23:26:52.042, P2, 1500 MHz, 6801 MHz, 0 %, 49.16 W, 49
2026/10/09 23:26:52.151, P2, 1500 MHz, 6801 MHz, 0 %, 49.16 W, 49
2026/10/09 23:26:52.258, P2, 1500 MHz, 6801 MHz, 0 %, 49.16 W, 49
2026/10/09 23:26:52.366, P2, 1500 MHz, 6801 MHz, 0 %, 49.20 W, 50
2026/10/09 23:26:52.474, P2, 1500 MHz, 6801 MHz, 0 %, 49.20 W, 50
2026/10/09 23:26:52.582, P2, 1500 MHz, 6801 MHz, 0 %, 49.20 W, 50
2026/10/09 23:26:52.691, P2, 1500 MHz, 6801 MHz, 0 %, 49.20 W, 50
2026/10/09 23:26:52.801, P2, 1500 MHz, 6801 MHz, 0 %, 49.20 W, 50
2026/10/09 23:26:52.909, P2, 1500 MHz, 6801 MHz, 0 %, 49.15 W, 50
2026/10/09 23:26:53.020, P2, 1500 MHz, 6801 MHz, 0 %, 49.15 W, 50
2026/10/09 23:26:53.128, P2, 1500 MHz, 6801 MHz, 0 %, 49.15 W, 50
2026/10/09 23:26:53.236, P2, 1500 MHz, 6801 MHz, 0 %, 49.15 W, 50
2026/10/09 23:26:53.345, P2, 1500 MHz, 6801 MHz, 1 %, 49.07 W, 50
2026/10/09 23:26:53.453, P2, 1500 MHz, 6801 MHz, 1 %, 49.07 W, 50
2026/10/09 23:26:53.561, P2, 1500 MHz, 6801 MHz, 1 %, 49.07 W, 50
2026/10/09 23:26:53.669, P2, 1500 MHz, 6801 MHz, 1 %, 49.07 W, 50
2026/10/09 23:26:53.776, P2, 1500 MHz, 6801 MHz, 1 %, 49.07 W, 50
2026/10/09 23:26:53.885, P2, 1500 MHz, 6801 MHz, 0 %, 49.07 W, 50
2026/10/09 23:26:53.992, P2, 1500 MHz, 6801 MHz, 0 %, 49.07 W, 50
2026/10/09 23:26:54.101, P2, 1500 MHz, 6801 MHz, 0 %, 49.07 W, 50
2026/10/09 23:26:54.210, P2, 1500 MHz, 6801 MHz, 0 %, 49.07 W, 50
2026/10/09 23:26:54.318, P2, 1500 MHz, 6801 MHz, 0 %, 49.07 W, 50
2026/10/09 23:26:54.426, P2, 1500 MHz, 6801 MHz, 0 %, 49.15 W, 50
2026/10/09 23:26:54.535, P2, 1500 MHz, 6801 MHz, 0 %, 49.15 W, 50
2026/10/09 23:26:54.643, P2, 1500 MHz, 6801 MHz, 0 %, 49.15 W, 50
2026/10/09 23:26:54.752, P2, 1500 MHz, 6801 MHz, 0 %, 49.15 W, 50
2026/10/09 23:26:54.871, P2, 1500 MHz, 6801 MHz, 0 %, 49.22 W, 50
2026/10/09 23:26:54.985, P2, 1500 MHz, 6801 MHz, 0 %, 49.22 W, 50
2026/10/09 23:26:55.093, P2, 1500 MHz, 6801 MHz, 0 %, 49.22 W, 50
2026/10/09 23:26:55.201, P2, 1500 MHz, 6801 MHz, 0 %, 49.22 W, 50
2026/10/09 23:26:55.310, P2, 1500 MHz, 6801 MHz, 0 %, 49.22 W, 50
2026/10/09 23:26:55.417, P2, 1500 MHz, 6801 MHz, 1 %, 49.24 W, 50
2026/10/09 23:26:55.526, P2, 1500 MHz, 6801 MHz, 1 %, 49.24 W, 50
2026/10/09 23:26:55.634, P2, 1500 MHz, 6801 MHz, 1 %, 49.24 W, 50
2026/10/09 23:26:55.743, P2, 1500 MHz, 6801 MHz, 1 %, 49.24 W, 50
2026/10/09 23:26:55.852, P2, 1500 MHz, 6801 MHz, 0 %, 49.23 W, 50
2026/10/09 23:26:55.964, P2, 1500 MHz, 6801 MHz, 0 %, 49.23 W, 50
2026/10/09 23:26:56.070, P2, 1500 MHz, 6801 MHz, 0 %, 49.23 W, 50
2026/10/09 23:26:56.178, P2, 1500 MHz, 6801 MHz, 0 %, 49.23 W, 50
2026/10/09 23:26:56.288, P2, 1500 MHz, 6801 MHz, 0 %, 49.23 W, 50
2026/10/09 23:26:56.396, P2, 1500 MHz, 6801 MHz, 0 %, 49.22 W, 50
2026/10/09 23:26:56.505, P2, 1500 MHz, 6801 MHz, 0 %, 49.22 W, 50
2026/10/09 23:26:56.615, P2, 1500 MHz, 6801 MHz, 0 %, 49.22 W, 50
2026/10/09 23:26:56.723, P2, 1500 MHz, 6801 MHz, 0 %, 49.22 W, 50
2026/10/09 23:26:56.832, P2, 1500 MHz, 6801 MHz, 0 %, 49.22 W, 50
2026/10/09 23:26:56.940, P2, 1500 MHz, 6801 MHz, 0 %, 49.21 W, 50
2026/10/09 23:26:57.046, P2, 1500 MHz, 6801 MHz, 0 %, 49.21 W, 50
2026/10/09 23:26:57.153, P2, 1500 MHz, 6801 MHz, 0 %, 49.21 W, 50
2026/10/09 23:26:57.261, P2, 1500 MHz, 6801 MHz, 0 %, 49.21 W, 50
2026/10/09 23:26:57.372, P2, 1500 MHz, 6801 MHz, 1 %, 49.17 W, 50
2026/10/09 23:26:57.481, P2, 1500 MHz, 6801 MHz, 1 %, 49.17 W, 50
2026/10/09 23:26:57.588, P2, 1500 MHz, 6801 MHz, 1 %, 49.17 W, 50
2026/10/09 23:26:57.697, P2, 1500 MHz, 6801 MHz, 1 %, 49.17 W, 50
2026/10/09 23:26:57.807, P2, 1500 MHz, 6801 MHz, 1 %, 49.17 W, 50
2026/10/09 23:26:57.915, P2, 1500 MHz, 6801 MHz, 0 %, 49.16 W, 50
2026/10/09 23:26:58.023, P2, 1500 MHz, 6801 MHz, 0 %, 49.16 W, 50
2026/10/09 23:26:58.133, P2, 1500 MHz, 6801 MHz, 0 %, 49.16 W, 50
2026/10/09 23:26:58.240, P2, 1500 MHz, 6801 MHz, 0 %, 49.16 W, 50
2026/10/09 23:26:58.349, P2, 1500 MHz, 6801 MHz, 1 %, 49.15 W, 50
2026/10/09 23:26:58.458, P2, 1500 MHz, 6801 MHz, 1 %, 49.15 W, 50
2026/10/09 23:26:58.565, P2, 1500 MHz, 6801 MHz, 1 %, 49.15 W, 50
2026/10/09 23:26:58.673, P2, 1500 MHz, 6801 MHz, 1 %, 49.15 W, 50
2026/10/09 23:26:58.780, P2, 1500 MHz, 6801 MHz, 1 %, 49.15 W, 50
2026/10/09 23:26:58.920, P2, 1500 MHz, 6801 MHz, 0 %, 49.15 W, 50
2026/10/09 23:26:59.029, P2, 1500 MHz, 6801 MHz, 0 %, 49.15 W, 50
2026/10/09 23:26:59.139, P2, 1500 MHz, 6801 MHz, 0 %, 49.15 W, 50
2026/10/09 23:26:59.247, P2, 1500 MHz, 6801 MHz, 0 %, 49.15 W, 50
2026/10/09 23:26:59.354, P2, 1500 MHz, 6801 MHz, 0 %, 49.16 W, 50
2026/10/09 23:26:59.463, P2, 1500 MHz, 6801 MHz, 0 %, 49.16 W, 50
2026/10/09 23:26:59.573, P2, 1500 MHz, 6801 MHz, 0 %, 49.16 W, 50
2026/10/09 23:26:59.682, P2, 1500 MHz, 6801 MHz, 0 %, 49.16 W, 50
2026/10/09 23:26:59.790, P2, 1500 MHz, 6801 MHz, 0 %, 49.16 W, 50
2026/10/09 23:26:59.897, P2, 1500 MHz, 6801 MHz, 0 %, 49.15 W, 50
2026/10/09 23:27:00.006, P2, 1500 MHz, 6801 MHz, 0 %, 49.15 W, 50
2026/10/09 23:27:00.112, P2, 1500 MHz, 6801 MHz, 0 %, 49.15 W, 50
2026/10/09 23:27:00.223, P2, 1500 MHz, 6801 MHz, 0 %, 49.15 W, 50
2026/10/09 23:27:00.333, P2, 1500 MHz, 6801 MHz, 0 %, 49.15 W, 50
2026/10/09 23:27:00.441, P2, 1500 MHz, 6801 MHz, 0 %, 49.22 W, 50
2026/10/09 23:27:00.548, P2, 1500 MHz, 6801 MHz, 0 %, 49.22 W, 50
2026/10/09 23:27:00.656, P2, 1500 MHz, 6801 MHz, 0 %, 49.22 W, 50
2026/10/09 23:27:00.764, P2, 1500 MHz, 6801 MHz, 0 %, 49.22 W, 50
2026/10/09 23:27:00.870, P2, 1500 MHz, 6801 MHz, 0 %, 49.33 W, 50
2026/10/09 23:27:00.981, P2, 1500 MHz, 6801 MHz, 0 %, 49.33 W, 50
2026/10/09 23:27:01.087, P2, 1500 MHz, 6801 MHz, 0 %, 49.33 W, 50
2026/10/09 23:27:01.193, P2, 1500 MHz, 6801 MHz, 0 %, 49.33 W, 50
2026/10/09 23:27:01.302, P2, 1500 MHz, 6801 MHz, 0 %, 49.33 W, 50
2026/10/09 23:27:01.410, P2, 1500 MHz, 6801 MHz, 1 %, 49.42 W, 50
2026/10/09 23:27:01.539, P2, 1500 MHz, 6801 MHz, 1 %, 49.42 W, 50
2026/10/09 23:27:01.665, P2, 1500 MHz, 6801 MHz, 1 %, 49.42 W, 50
2026/10/09 23:27:01.780, P2, 1500 MHz, 6801 MHz, 1 %, 49.42 W, 50
2026/10/09 23:27:01.889, P2, 1500 MHz, 6801 MHz, 0 %, 49.41 W, 50
2026/10/09 23:27:01.996, P2, 1500 MHz, 6801 MHz, 0 %, 49.41 W, 50
2026/10/09 23:27:02.106, P2, 1500 MHz, 6801 MHz, 0 %, 49.41 W, 50
2026/10/09 23:27:02.215, P2, 1500 MHz, 6801 MHz, 0 %, 49.41 W, 50
2026/10/09 23:27:02.325, P2, 1500 MHz, 6801 MHz, 0 %, 49.41 W, 50
2026/10/09 23:27:02.433, P2, 1500 MHz, 6801 MHz, 1 %, 49.35 W, 50
2026/10/09 23:27:02.543, P2, 1500 MHz, 6801 MHz, 1 %, 49.35 W, 50
2026/10/09 23:27:02.653, P2, 1500 MHz, 6801 MHz, 1 %, 49.35 W, 50
2026/10/09 23:27:02.759, P2, 1500 MHz, 6801 MHz, 1 %, 49.35 W, 50
2026/10/09 23:27:02.870, P2, 1500 MHz, 6801 MHz, 0 %, 49.28 W, 50
2026/10/09 23:27:02.979, P2, 1500 MHz, 6801 MHz, 0 %, 49.28 W, 50
2026/10/09 23:27:03.088, P2, 1500 MHz, 6801 MHz, 0 %, 49.28 W, 50
2026/10/09 23:27:03.195, P2, 1500 MHz, 6801 MHz, 0 %, 49.28 W, 50
2026/10/09 23:27:03.303, P2, 1500 MHz, 6801 MHz, 0 %, 49.28 W, 50
2026/10/09 23:27:03.410, P2, 1500 MHz, 6801 MHz, 0 %, 49.31 W, 50
2026/10/09 23:27:03.518, P2, 1500 MHz, 6801 MHz, 0 %, 49.31 W, 50
2026/10/09 23:27:03.627, P2, 1500 MHz, 6801 MHz, 0 %, 49.31 W, 50
2026/10/09 23:27:03.734, P2, 1500 MHz, 6801 MHz, 0 %, 49.31 W, 50
2026/10/09 23:27:03.843, P2, 1500 MHz, 6801 MHz, 0 %, 49.31 W, 50
2026/10/09 23:27:03.954, P2, 1500 MHz, 6801 MHz, 1 %, 49.39 W, 50
2026/10/09 23:27:04.061, P2, 1500 MHz, 6801 MHz, 1 %, 49.39 W, 50
2026/10/09 23:27:04.171, P2, 1500 MHz, 6801 MHz, 1 %, 49.39 W, 50
2026/10/09 23:27:04.278, P2, 1500 MHz, 6801 MHz, 1 %, 49.39 W, 50
2026/10/09 23:27:04.388, P2, 1500 MHz, 6801 MHz, 1 %, 49.37 W, 50
2026/10/09 23:27:04.496, P2, 1500 MHz, 6801 MHz, 1 %, 49.37 W, 50
2026/10/09 23:27:04.606, P2, 1500 MHz, 6801 MHz, 1 %, 49.37 W, 50
2026/10/09 23:27:04.716, P2, 1500 MHz, 6801 MHz, 1 %, 49.37 W, 50
2026/10/09 23:27:04.825, P2, 1500 MHz, 6801 MHz, 1 %, 49.37 W, 50
2026/10/09 23:27:04.933, P2, 1500 MHz, 6801 MHz, 0 %, 49.35 W, 50
2026/10/09 23:27:05.043, P2, 1500 MHz, 6801 MHz, 0 %, 49.35 W, 50
2026/10/09 23:27:05.152, P2, 1500 MHz, 6801 MHz, 0 %, 49.35 W, 50
2026/10/09 23:27:05.261, P2, 1500 MHz, 6801 MHz, 0 %, 49.35 W, 50
2026/10/09 23:27:05.370, P2, 1500 MHz, 6801 MHz, 1 %, 49.35 W, 51
2026/10/09 23:27:05.479, P2, 1500 MHz, 6801 MHz, 1 %, 49.35 W, 51
2026/10/09 23:27:05.587, P2, 1500 MHz, 6801 MHz, 1 %, 49.35 W, 51
2026/10/09 23:27:05.696, P2, 1500 MHz, 6801 MHz, 1 %, 49.35 W, 51
2026/10/09 23:27:05.806, P2, 1500 MHz, 6801 MHz, 1 %, 49.35 W, 51
2026/10/09 23:27:05.914, P2, 1500 MHz, 6801 MHz, 8 %, 51.87 W, 51
2026/10/09 23:27:06.022, P2, 1500 MHz, 6801 MHz, 8 %, 51.87 W, 51
2026/10/09 23:27:06.130, P2, 1500 MHz, 6801 MHz, 8 %, 51.87 W, 51
2026/10/09 23:27:06.237, P2, 1500 MHz, 6801 MHz, 8 %, 51.87 W, 51
2026/10/09 23:27:06.346, P2, 1500 MHz, 6801 MHz, 10 %, 53.85 W, 51
2026/10/09 23:27:06.455, P2, 1500 MHz, 6801 MHz, 10 %, 53.85 W, 51
2026/10/09 23:27:06.564, P2, 1500 MHz, 6801 MHz, 10 %, 53.85 W, 51
2026/10/09 23:27:06.672, P2, 1500 MHz, 6801 MHz, 10 %, 53.85 W, 51
2026/10/09 23:27:06.780, P2, 1500 MHz, 6801 MHz, 10 %, 53.85 W, 51
2026/10/09 23:27:06.889, P2, 1500 MHz, 6801 MHz, 6 %, 53.80 W, 51
2026/10/09 23:27:06.998, P2, 1500 MHz, 6801 MHz, 6 %, 53.80 W, 51
2026/10/09 23:27:07.107, P2, 1500 MHz, 6801 MHz, 6 %, 53.80 W, 51
2026/10/09 23:27:07.214, P2, 1500 MHz, 6801 MHz, 6 %, 53.80 W, 51
2026/10/09 23:27:07.322, P2, 1500 MHz, 6801 MHz, 6 %, 53.80 W, 51
2026/10/09 23:27:07.430, P2, 1500 MHz, 6801 MHz, 8 %, 53.76 W, 51
2026/10/09 23:27:07.540, P2, 1500 MHz, 6801 MHz, 8 %, 53.76 W, 51
2026/10/09 23:27:07.648, P2, 1500 MHz, 6801 MHz, 8 %, 53.76 W, 51
2026/10/09 23:27:07.757, P2, 1500 MHz, 6801 MHz, 8 %, 53.76 W, 51
2026/10/09 23:27:07.865, P2, 1500 MHz, 6801 MHz, 7 %, 53.94 W, 51
2026/10/09 23:27:07.974, P2, 1500 MHz, 6801 MHz, 7 %, 53.94 W, 51
2026/10/09 23:27:08.083, P2, 1500 MHz, 6801 MHz, 7 %, 53.94 W, 51
2026/10/09 23:27:08.193, P2, 1500 MHz, 6801 MHz, 7 %, 53.94 W, 51
2026/10/09 23:27:08.301, P2, 1500 MHz, 6801 MHz, 7 %, 53.94 W, 51
2026/10/09 23:27:08.408, P2, 1500 MHz, 6801 MHz, 7 %, 53.89 W, 51
2026/10/09 23:27:08.518, P2, 1500 MHz, 6801 MHz, 7 %, 53.89 W, 51
2026/10/09 23:27:08.628, P2, 1500 MHz, 6801 MHz, 7 %, 53.89 W, 51
2026/10/09 23:27:08.737, P2, 1500 MHz, 6801 MHz, 7 %, 53.89 W, 51
2026/10/09 23:27:08.845, P2, 1500 MHz, 6801 MHz, 7 %, 53.93 W, 51
2026/10/09 23:27:08.954, P2, 1500 MHz, 6801 MHz, 12 %, 53.93 W, 51
2026/10/09 23:27:09.064, P2, 1500 MHz, 6801 MHz, 12 %, 53.93 W, 51
2026/10/09 23:27:09.174, P2, 1500 MHz, 6801 MHz, 12 %, 53.93 W, 51
2026/10/09 23:27:09.284, P2, 1500 MHz, 6801 MHz, 12 %, 53.93 W, 51
2026/10/09 23:27:09.394, P2, 1500 MHz, 6801 MHz, 7 %, 54.19 W, 51
2026/10/09 23:27:09.504, P2, 1500 MHz, 6801 MHz, 7 %, 54.19 W, 51
2026/10/09 23:27:09.613, P2, 1500 MHz, 6801 MHz, 7 %, 54.19 W, 51
2026/10/09 23:27:09.722, P2, 1500 MHz, 6801 MHz, 7 %, 54.19 W, 51
2026/10/09 23:27:09.831, P2, 1500 MHz, 6801 MHz, 7 %, 54.19 W, 51
2026/10/09 23:27:09.939, P2, 1500 MHz, 6801 MHz, 14 %, 54.67 W, 51
2026/10/09 23:27:10.047, P2, 1500 MHz, 6801 MHz, 14 %, 54.67 W, 51
2026/10/09 23:27:10.156, P2, 1500 MHz, 6801 MHz, 14 %, 54.67 W, 51
2026/10/09 23:27:10.265, P2, 1500 MHz, 6801 MHz, 14 %, 54.67 W, 51
2026/10/09 23:27:10.373, P2, 1500 MHz, 6801 MHz, 6 %, 54.15 W, 51
2026/10/09 23:27:10.481, P2, 1500 MHz, 6801 MHz, 6 %, 54.15 W, 51
2026/10/09 23:27:10.589, P2, 1500 MHz, 6801 MHz, 6 %, 54.15 W, 51
2026/10/09 23:27:10.697, P2, 1500 MHz, 6801 MHz, 6 %, 54.15 W, 51
2026/10/09 23:27:10.806, P2, 1500 MHz, 6801 MHz, 6 %, 54.15 W, 51
2026/10/09 23:27:10.926, P2, 1500 MHz, 6801 MHz, 8 %, 54.82 W, 51
2026/10/09 23:27:11.041, P2, 1500 MHz, 6801 MHz, 8 %, 54.82 W, 51
2026/10/09 23:27:11.150, P2, 1500 MHz, 6801 MHz, 8 %, 54.82 W, 51
2026/10/09 23:27:11.258, P2, 1500 MHz, 6801 MHz, 8 %, 54.82 W, 51
2026/10/09 23:27:11.367, P2, 1500 MHz, 6801 MHz, 11 %, 54.85 W, 51
2026/10/09 23:27:11.477, P2, 1500 MHz, 6801 MHz, 11 %, 54.85 W, 51
2026/10/09 23:27:11.587, P2, 1500 MHz, 6801 MHz, 11 %, 54.85 W, 51
2026/10/09 23:27:11.695, P2, 1500 MHz, 6801 MHz, 11 %, 54.85 W, 51
2026/10/09 23:27:11.805, P2, 1500 MHz, 6801 MHz, 11 %, 54.85 W, 51
2026/10/09 23:27:11.913, P2, 1500 MHz, 6801 MHz, 11 %, 54.83 W, 51
2026/10/09 23:27:12.023, P2, 1500 MHz, 6801 MHz, 11 %, 54.83 W, 51
2026/10/09 23:27:12.131, P2, 1500 MHz, 6801 MHz, 11 %, 54.83 W, 51
2026/10/09 23:27:12.240, P2, 1500 MHz, 6801 MHz, 11 %, 54.83 W, 51
2026/10/09 23:27:12.347, P2, 1500 MHz, 6801 MHz, 11 %, 55.29 W, 52
2026/10/09 23:27:12.455, P2, 1500 MHz, 6801 MHz, 11 %, 55.29 W, 52
2026/10/09 23:27:12.565, P2, 1500 MHz, 6801 MHz, 11 %, 55.29 W, 52
2026/10/09 23:27:12.673, P2, 1500 MHz, 6801 MHz, 11 %, 55.29 W, 52
2026/10/09 23:27:12.782, P2, 1500 MHz, 6801 MHz, 11 %, 55.29 W, 52
2026/10/09 23:27:12.890, P2, 1500 MHz, 6801 MHz, 6 %, 55.10 W, 51
2026/10/09 23:27:12.998, P2, 1500 MHz, 6801 MHz, 6 %, 55.10 W, 51
2026/10/09 23:27:13.106, P2, 1500 MHz, 6801 MHz, 6 %, 55.10 W, 51
2026/10/09 23:27:13.214, P2, 1500 MHz, 6801 MHz, 6 %, 55.10 W, 51
2026/10/09 23:27:13.322, P2, 1500 MHz, 6801 MHz, 6 %, 55.10 W, 51
2026/10/09 23:27:13.429, P2, 1500 MHz, 6801 MHz, 6 %, 54.00 W, 51
2026/10/09 23:27:13.539, P2, 1500 MHz, 6801 MHz, 6 %, 54.00 W, 51
2026/10/09 23:27:13.648, P2, 1500 MHz, 6801 MHz, 6 %, 54.00 W, 51
2026/10/09 23:27:13.756, P2, 1500 MHz, 6801 MHz, 6 %, 54.00 W, 51
2026/10/09 23:27:13.864, P2, 1500 MHz, 6801 MHz, 6 %, 53.50 W, 52
2026/10/09 23:27:13.973, P2, 1500 MHz, 6801 MHz, 6 %, 53.50 W, 52
2026/10/09 23:27:14.081, P2, 1500 MHz, 6801 MHz, 6 %, 53.50 W, 52
2026/10/09 23:27:14.189, P2, 1500 MHz, 6801 MHz, 6 %, 53.50 W, 52
2026/10/09 23:27:14.298, P2, 1500 MHz, 6801 MHz, 6 %, 53.50 W, 52
2026/10/09 23:27:14.406, P2, 1500 MHz, 6801 MHz, 11 %, 54.57 W, 52
2026/10/09 23:27:14.514, P2, 1500 MHz, 6801 MHz, 11 %, 54.57 W, 52
2026/10/09 23:27:14.621, P2, 1500 MHz, 6801 MHz, 11 %, 54.57 W, 52
2026/10/09 23:27:14.731, P2, 1500 MHz, 6801 MHz, 11 %, 54.57 W, 52
2026/10/09 23:27:14.839, P2, 1500 MHz, 6801 MHz, 11 %, 54.57 W, 52
2026/10/09 23:27:14.947, P2, 1500 MHz, 6801 MHz, 11 %, 55.10 W, 52
2026/10/09 23:27:15.085, P2, 1500 MHz, 6801 MHz, 11 %, 55.10 W, 52
2026/10/09 23:27:15.193, P2, 1500 MHz, 6801 MHz, 11 %, 55.10 W, 52
2026/10/09 23:27:15.300, P2, 1500 MHz, 6801 MHz, 11 %, 55.10 W, 52
2026/10/09 23:27:15.410, P2, 1500 MHz, 6801 MHz, 15 %, 55.03 W, 52
2026/10/09 23:27:15.518, P2, 1500 MHz, 6801 MHz, 15 %, 55.03 W, 52
2026/10/09 23:27:15.628, P2, 1500 MHz, 6801 MHz, 15 %, 55.03 W, 52
2026/10/09 23:27:15.736, P2, 1500 MHz, 6801 MHz, 15 %, 55.03 W, 52
2026/10/09 23:27:15.845, P2, 1500 MHz, 6801 MHz, 12 %, 54.68 W, 52
2026/10/09 23:27:15.953, P2, 1500 MHz, 6801 MHz, 12 %, 54.68 W, 52
2026/10/09 23:27:16.061, P2, 1500 MHz, 6801 MHz, 12 %, 54.68 W, 52
2026/10/09 23:27:16.171, P2, 1500 MHz, 6801 MHz, 12 %, 54.68 W, 52
2026/10/09 23:27:16.280, P2, 1500 MHz, 6801 MHz, 12 %, 54.68 W, 52
2026/10/09 23:27:16.388, P2, 1500 MHz, 6801 MHz, 12 %, 55.26 W, 52
2026/10/09 23:27:16.495, P2, 1500 MHz, 6801 MHz, 12 %, 55.26 W, 52
2026/10/09 23:27:16.603, P2, 1500 MHz, 6801 MHz, 12 %, 55.26 W, 52
2026/10/09 23:27:16.710, P2, 1500 MHz, 6801 MHz, 12 %, 55.26 W, 52
2026/10/09 23:27:16.819, P2, 1500 MHz, 6801 MHz, 12 %, 55.26 W, 52
2026/10/09 23:27:16.928, P2, 1500 MHz, 6801 MHz, 6 %, 55.18 W, 52
2026/10/09 23:27:17.036, P2, 1500 MHz, 6801 MHz, 6 %, 55.18 W, 52
2026/10/09 23:27:17.144, P2, 1500 MHz, 6801 MHz, 6 %, 55.18 W, 52
2026/10/09 23:27:17.253, P2, 1500 MHz, 6801 MHz, 6 %, 55.18 W, 52
2026/10/09 23:27:17.363, P2, 1500 MHz, 6801 MHz, 6 %, 55.19 W, 52
2026/10/09 23:27:17.472, P2, 1500 MHz, 6801 MHz, 6 %, 55.19 W, 52
2026/10/09 23:27:17.582, P2, 1500 MHz, 6801 MHz, 6 %, 55.19 W, 52
2026/10/09 23:27:17.719, P2, 1500 MHz, 6801 MHz, 6 %, 55.19 W, 52
2026/10/09 23:27:17.835, P2, 1500 MHz, 6801 MHz, 6 %, 55.19 W, 52
2026/10/09 23:27:17.942, P2, 1500 MHz, 6801 MHz, 7 %, 54.89 W, 52
2026/10/09 23:27:18.049, P2, 1500 MHz, 6801 MHz, 7 %, 54.89 W, 52
2026/10/09 23:27:18.157, P2, 1500 MHz, 6801 MHz, 7 %, 54.89 W, 52
2026/10/09 23:27:18.266, P2, 1500 MHz, 6801 MHz, 7 %, 54.89 W, 52
2026/10/09 23:27:18.374, P2, 1500 MHz, 6801 MHz, 6 %, 54.62 W, 52
2026/10/09 23:27:18.485, P2, 1500 MHz, 6801 MHz, 6 %, 54.62 W, 52
2026/10/09 23:27:18.594, P2, 1500 MHz, 6801 MHz, 6 %, 54.62 W, 52
2026/10/09 23:27:18.703, P2, 1500 MHz, 6801 MHz, 6 %, 54.62 W, 52
2026/10/09 23:27:18.812, P2, 1500 MHz, 6801 MHz, 6 %, 54.62 W, 52
2026/10/09 23:27:18.922, P2, 1500 MHz, 6801 MHz, 7 %, 54.94 W, 52
2026/10/09 23:27:19.030, P2, 1500 MHz, 6801 MHz, 7 %, 54.94 W, 52
2026/10/09 23:27:19.139, P2, 1500 MHz, 6801 MHz, 7 %, 54.94 W, 52
2026/10/09 23:27:19.247, P2, 1500 MHz, 6801 MHz, 7 %, 54.94 W, 52
2026/10/09 23:27:19.356, P2, 1500 MHz, 6801 MHz, 16 %, 55.47 W, 52
2026/10/09 23:27:19.465, P2, 1500 MHz, 6801 MHz, 16 %, 55.47 W, 52
2026/10/09 23:27:19.572, P2, 1500 MHz, 6801 MHz, 16 %, 55.47 W, 52
2026/10/09 23:27:19.680, P2, 1500 MHz, 6801 MHz, 16 %, 55.47 W, 52
2026/10/09 23:27:19.789, P2, 1500 MHz, 6801 MHz, 16 %, 55.47 W, 52
2026/10/09 23:27:19.897, P2, 1500 MHz, 6801 MHz, 7 %, 55.22 W, 52
2026/10/09 23:27:20.006, P2, 1500 MHz, 6801 MHz, 7 %, 55.22 W, 52
2026/10/09 23:27:20.114, P2, 1500 MHz, 6801 MHz, 7 %, 55.22 W, 52
2026/10/09 23:27:20.222, P2, 1500 MHz, 6801 MHz, 7 %, 55.22 W, 52
2026/10/09 23:27:20.330, P2, 1500 MHz, 6801 MHz, 7 %, 55.22 W, 52
2026/10/09 23:27:20.439, P2, 1500 MHz, 6801 MHz, 9 %, 54.70 W, 52
2026/10/09 23:27:20.549, P2, 1500 MHz, 6801 MHz, 9 %, 54.70 W, 52
2026/10/09 23:27:20.659, P2, 1500 MHz, 6801 MHz, 9 %, 54.70 W, 52
2026/10/09 23:27:20.768, P2, 1500 MHz, 6801 MHz, 9 %, 54.70 W, 52
2026/10/09 23:27:20.875, P2, 1815 MHz, 6801 MHz, 18 %, 56.28 W, 53
2026/10/09 23:27:20.984, P2, 1815 MHz, 6801 MHz, 18 %, 56.28 W, 53
2026/10/09 23:27:21.094, P2, 1815 MHz, 6801 MHz, 18 %, 56.28 W, 53
2026/10/09 23:27:21.202, P2, 1815 MHz, 6801 MHz, 18 %, 56.28 W, 53
2026/10/09 23:27:21.309, P2, 1815 MHz, 6801 MHz, 18 %, 56.28 W, 53
2026/10/09 23:27:21.416, P2, 1815 MHz, 6801 MHz, 10 %, 61.01 W, 53
2026/10/09 23:27:21.523, P2, 1815 MHz, 6801 MHz, 10 %, 61.01 W, 53
2026/10/09 23:27:21.635, P2, 1815 MHz, 6801 MHz, 10 %, 61.01 W, 53
2026/10/09 23:27:21.743, P2, 1815 MHz, 6801 MHz, 10 %, 61.01 W, 53
2026/10/09 23:27:21.851, P2, 1815 MHz, 6801 MHz, 7 %, 64.62 W, 53
2026/10/09 23:27:21.958, P2, 1815 MHz, 6801 MHz, 7 %, 64.62 W, 53
2026/10/09 23:27:22.067, P2, 1815 MHz, 6801 MHz, 7 %, 64.62 W, 53
2026/10/09 23:27:22.178, P2, 1815 MHz, 6801 MHz, 7 %, 64.62 W, 53
2026/10/09 23:27:22.287, P2, 1815 MHz, 6801 MHz, 7 %, 64.62 W, 53
2026/10/09 23:27:22.396, P2, 1815 MHz, 6801 MHz, 10 %, 64.25 W, 53
2026/10/09 23:27:22.504, P2, 1815 MHz, 6801 MHz, 10 %, 64.25 W, 53
2026/10/09 23:27:22.612, P2, 1815 MHz, 6801 MHz, 10 %, 64.25 W, 53
2026/10/09 23:27:22.720, P2, 1815 MHz, 6801 MHz, 10 %, 64.25 W, 53
2026/10/09 23:27:22.829, P2, 1815 MHz, 6801 MHz, 10 %, 64.25 W, 53
2026/10/09 23:27:22.938, P2, 1815 MHz, 6801 MHz, 8 %, 64.29 W, 53
2026/10/09 23:27:23.044, P2, 1815 MHz, 6801 MHz, 8 %, 64.29 W, 53
2026/10/09 23:27:23.151, P2, 1815 MHz, 6801 MHz, 8 %, 64.29 W, 53
2026/10/09 23:27:23.259, P2, 1815 MHz, 6801 MHz, 8 %, 64.29 W, 53
2026/10/09 23:27:23.367, P2, 1815 MHz, 6801 MHz, 11 %, 66.30 W, 53
2026/10/09 23:27:23.473, P2, 1815 MHz, 6801 MHz, 11 %, 66.30 W, 53
2026/10/09 23:27:23.586, P2, 1815 MHz, 6801 MHz, 11 %, 66.30 W, 53
2026/10/09 23:27:23.689, P2, 1815 MHz, 6801 MHz, 11 %, 66.30 W, 53
2026/10/09 23:27:23.799, P2, 1815 MHz, 6801 MHz, 11 %, 66.30 W, 53
2026/10/09 23:27:23.907, P2, 1500 MHz, 6801 MHz, 6 %, 62.93 W, 52
2026/10/09 23:27:24.014, P2, 1500 MHz, 6801 MHz, 6 %, 62.93 W, 52
2026/10/09 23:27:24.122, P2, 1500 MHz, 6801 MHz, 6 %, 62.93 W, 52
2026/10/09 23:27:24.231, P2, 1500 MHz, 6801 MHz, 6 %, 62.93 W, 52
2026/10/09 23:27:24.338, P2, 1500 MHz, 6801 MHz, 6 %, 62.93 W, 52
2026/10/09 23:27:24.447, P2, 1500 MHz, 6801 MHz, 7 %, 57.80 W, 52
2026/10/09 23:27:24.554, P2, 1500 MHz, 6801 MHz, 7 %, 57.80 W, 52
2026/10/09 23:27:24.663, P2, 1500 MHz, 6801 MHz, 7 %, 57.80 W, 52
2026/10/09 23:27:24.774, P2, 1500 MHz, 6801 MHz, 7 %, 57.80 W, 52
2026/10/09 23:27:24.883, P2, 1500 MHz, 6801 MHz, 13 %, 55.22 W, 52
2026/10/09 23:27:24.992, P2, 1500 MHz, 6801 MHz, 13 %, 55.22 W, 52
2026/10/09 23:27:25.101, P2, 1500 MHz, 6801 MHz, 13 %, 55.22 W, 52
2026/10/09 23:27:25.211, P2, 1500 MHz, 6801 MHz, 13 %, 55.22 W, 52
2026/10/09 23:27:25.320, P2, 1500 MHz, 6801 MHz, 13 %, 55.22 W, 52
2026/10/09 23:27:25.429, P2, 1500 MHz, 6801 MHz, 10 %, 55.73 W, 52
2026/10/09 23:27:25.538, P2, 1500 MHz, 6801 MHz, 10 %, 55.73 W, 52
2026/10/09 23:27:25.662, P2, 1500 MHz, 6801 MHz, 10 %, 55.73 W, 52
2026/10/09 23:27:25.770, P2, 1500 MHz, 6801 MHz, 10 %, 55.73 W, 52
2026/10/09 23:27:25.879, P2, 1500 MHz, 6801 MHz, 11 %, 56.03 W, 52
2026/10/09 23:27:25.989, P2, 1500 MHz, 6801 MHz, 11 %, 56.03 W, 52
2026/10/09 23:27:26.099, P2, 1500 MHz, 6801 MHz, 11 %, 56.03 W, 52
2026/10/09 23:27:26.209, P2, 1500 MHz, 6801 MHz, 11 %, 56.03 W, 52
2026/10/09 23:27:26.319, P2, 1500 MHz, 6801 MHz, 11 %, 56.03 W, 52
2026/10/09 23:27:26.427, P2, 1500 MHz, 6801 MHz, 10 %, 55.92 W, 52
2026/10/09 23:27:26.535, P2, 1500 MHz, 6801 MHz, 10 %, 55.92 W, 52
2026/10/09 23:27:26.646, P2, 1500 MHz, 6801 MHz, 10 %, 55.92 W, 52
2026/10/09 23:27:26.754, P2, 1500 MHz, 6801 MHz, 10 %, 55.92 W, 52
2026/10/09 23:27:26.863, P2, 1500 MHz, 6801 MHz, 12 %, 55.90 W, 52
2026/10/09 23:27:26.973, P2, 1500 MHz, 6801 MHz, 12 %, 55.90 W, 52
2026/10/09 23:27:27.082, P2, 1500 MHz, 6801 MHz, 12 %, 55.90 W, 52
2026/10/09 23:27:27.190, P2, 1500 MHz, 6801 MHz, 12 %, 55.90 W, 52
2026/10/09 23:27:27.298, P2, 1500 MHz, 6801 MHz, 12 %, 55.90 W, 52
2026/10/09 23:27:27.408, P2, 1500 MHz, 6801 MHz, 14 %, 56.11 W, 52
2026/10/09 23:27:27.517, P2, 1500 MHz, 6801 MHz, 14 %, 56.11 W, 52
2026/10/09 23:27:27.625, P2, 1500 MHz, 6801 MHz, 14 %, 56.11 W, 52
2026/10/09 23:27:27.735, P2, 1500 MHz, 6801 MHz, 14 %, 56.11 W, 52
2026/10/09 23:27:27.844, P2, 1500 MHz, 6801 MHz, 7 %, 56.43 W, 52
2026/10/09 23:27:27.966, P2, 1500 MHz, 6801 MHz, 7 %, 56.43 W, 52
2026/10/09 23:27:28.075, P2, 1500 MHz, 6801 MHz, 7 %, 56.43 W, 52
2026/10/09 23:27:28.183, P2, 1500 MHz, 6801 MHz, 7 %, 56.43 W, 52
2026/10/09 23:27:28.291, P2, 1500 MHz, 6801 MHz, 7 %, 56.43 W, 52
2026/10/09 23:27:28.396, P2, 1500 MHz, 6801 MHz, 12 %, 55.96 W, 52
2026/10/09 23:27:28.503, P2, 1500 MHz, 6801 MHz, 12 %, 55.96 W, 52
2026/10/09 23:27:28.612, P2, 1500 MHz, 6801 MHz, 12 %, 55.96 W, 52
2026/10/09 23:27:28.719, P2, 1500 MHz, 6801 MHz, 12 %, 55.96 W, 52
2026/10/09 23:27:28.826, P2, 1500 MHz, 6801 MHz, 12 %, 55.96 W, 52
2026/10/09 23:27:28.933, P2, 1500 MHz, 6801 MHz, 11 %, 55.12 W, 52
2026/10/09 23:27:29.041, P2, 1500 MHz, 6801 MHz, 11 %, 55.12 W, 52
2026/10/09 23:27:29.150, P2, 1500 MHz, 6801 MHz, 11 %, 55.12 W, 52
2026/10/09 23:27:29.259, P2, 1500 MHz, 6801 MHz, 11 %, 55.12 W, 52
2026/10/09 23:27:29.366, P2, 1500 MHz, 6801 MHz, 54 %, 55.02 W, 51
2026/10/09 23:27:29.475, P2, 1500 MHz, 6801 MHz, 54 %, 55.02 W, 51
2026/10/09 23:27:29.583, P2, 1500 MHz, 6801 MHz, 54 %, 55.02 W, 51
2026/10/09 23:27:29.690, P2, 1500 MHz, 6801 MHz, 54 %, 55.02 W, 51
2026/10/09 23:27:29.798, P2, 1500 MHz, 6801 MHz, 54 %, 55.02 W, 51
2026/10/09 23:27:29.907, P2, 1500 MHz, 6801 MHz, 8 %, 55.49 W, 52
2026/10/09 23:27:30.017, P2, 1500 MHz, 6801 MHz, 8 %, 55.49 W, 52
2026/10/09 23:27:30.125, P2, 1500 MHz, 6801 MHz, 8 %, 55.49 W, 52
2026/10/09 23:27:30.234, P2, 1500 MHz, 6801 MHz, 8 %, 55.49 W, 52
2026/10/09 23:27:30.343, P2, 1500 MHz, 6801 MHz, 8 %, 55.49 W, 52
2026/10/09 23:27:30.452, P2, 1500 MHz, 6801 MHz, 11 %, 55.34 W, 51
2026/10/09 23:27:30.561, P2, 1500 MHz, 6801 MHz, 11 %, 55.34 W, 51
2026/10/09 23:27:30.668, P2, 1500 MHz, 6801 MHz, 11 %, 55.34 W, 51
2026/10/09 23:27:30.778, P2, 1500 MHz, 6801 MHz, 11 %, 55.34 W, 51
2026/10/09 23:27:30.888, P2, 1500 MHz, 6801 MHz, 5 %, 55.37 W, 52
2026/10/09 23:27:30.997, P2, 1500 MHz, 6801 MHz, 5 %, 55.37 W, 52
2026/10/09 23:27:31.104, P2, 1500 MHz, 6801 MHz, 5 %, 55.37 W, 52
2026/10/09 23:27:31.213, P2, 1500 MHz, 6801 MHz, 5 %, 55.37 W, 52
2026/10/09 23:27:31.322, P2, 1500 MHz, 6801 MHz, 5 %, 55.37 W, 52
2026/10/09 23:27:31.431, P2, 1500 MHz, 6801 MHz, 9 %, 55.55 W, 52
2026/10/09 23:27:31.542, P2, 1500 MHz, 6801 MHz, 9 %, 55.55 W, 52
2026/10/09 23:27:31.652, P2, 1500 MHz, 6801 MHz, 9 %, 55.55 W, 52
2026/10/09 23:27:31.761, P2, 1500 MHz, 6801 MHz, 9 %, 55.55 W, 52
2026/10/09 23:27:31.869, P2, 1500 MHz, 6801 MHz, 10 %, 55.67 W, 51
2026/10/09 23:27:31.979, P2, 1500 MHz, 6801 MHz, 10 %, 55.67 W, 51
2026/10/09 23:27:32.088, P2, 1500 MHz, 6801 MHz, 10 %, 55.67 W, 51
2026/10/09 23:27:32.195, P2, 1500 MHz, 6801 MHz, 10 %, 55.67 W, 51
2026/10/09 23:27:32.303, P2, 1500 MHz, 6801 MHz, 10 %, 55.67 W, 51
2026/10/09 23:27:32.412, P2, 1500 MHz, 6801 MHz, 13 %, 55.83 W, 51
2026/10/09 23:27:32.521, P2, 1500 MHz, 6801 MHz, 13 %, 55.83 W, 51
2026/10/09 23:27:32.629, P2, 1500 MHz, 6801 MHz, 13 %, 55.83 W, 51
2026/10/09 23:27:32.739, P2, 1500 MHz, 6801 MHz, 13 %, 55.83 W, 51
2026/10/09 23:27:32.848, P2, 1500 MHz, 6801 MHz, 7 %, 55.50 W, 51
2026/10/09 23:27:32.955, P2, 1500 MHz, 6801 MHz, 7 %, 55.50 W, 51
2026/10/09 23:27:33.063, P2, 1500 MHz, 6801 MHz, 7 %, 55.50 W, 51
2026/10/09 23:27:33.172, P2, 1500 MHz, 6801 MHz, 7 %, 55.50 W, 51
2026/10/09 23:27:33.280, P2, 1500 MHz, 6801 MHz, 7 %, 55.50 W, 51
2026/10/09 23:27:33.389, P2, 1500 MHz, 6801 MHz, 7 %, 55.12 W, 51
2026/10/09 23:27:33.499, P2, 1500 MHz, 6801 MHz, 7 %, 55.12 W, 51
2026/10/09 23:27:33.606, P2, 1500 MHz, 6801 MHz, 7 %, 55.12 W, 51
2026/10/09 23:27:33.715, P2, 1500 MHz, 6801 MHz, 7 %, 55.12 W, 51
2026/10/09 23:27:33.823, P2, 1500 MHz, 6801 MHz, 7 %, 55.12 W, 51
2026/10/09 23:27:33.932, P2, 1500 MHz, 6801 MHz, 10 %, 54.88 W, 51
2026/10/09 23:27:34.039, P2, 1500 MHz, 6801 MHz, 10 %, 54.88 W, 51
2026/10/09 23:27:34.147, P2, 1500 MHz, 6801 MHz, 10 %, 54.88 W, 51
2026/10/09 23:27:34.257, P2, 1500 MHz, 6801 MHz, 10 %, 54.88 W, 51
2026/10/09 23:27:34.365, P2, 1500 MHz, 6801 MHz, 11 %, 55.40 W, 51
2026/10/09 23:27:34.473, P2, 1500 MHz, 6801 MHz, 11 %, 55.40 W, 51
2026/10/09 23:27:34.583, P2, 1500 MHz, 6801 MHz, 11 %, 55.40 W, 51
2026/10/09 23:27:34.692, P2, 1500 MHz, 6801 MHz, 11 %, 55.40 W, 51
2026/10/09 23:27:34.800, P2, 1500 MHz, 6801 MHz, 11 %, 55.40 W, 51
2026/10/09 23:27:34.907, P2, 1500 MHz, 6801 MHz, 7 %, 55.19 W, 51
2026/10/09 23:27:35.017, P2, 1500 MHz, 6801 MHz, 7 %, 55.19 W, 51
2026/10/09 23:27:35.125, P2, 1500 MHz, 6801 MHz, 7 %, 55.19 W, 51
2026/10/09 23:27:35.232, P2, 1500 MHz, 6801 MHz, 7 %, 55.19 W, 51
2026/10/09 23:27:35.342, P2, 1500 MHz, 6801 MHz, 7 %, 55.19 W, 51
2026/10/09 23:27:35.451, P2, 1500 MHz, 6801 MHz, 8 %, 55.07 W, 51
2026/10/09 23:27:35.558, P2, 1500 MHz, 6801 MHz, 8 %, 55.07 W, 51
2026/10/09 23:27:35.666, P2, 1500 MHz, 6801 MHz, 8 %, 55.07 W, 51
2026/10/09 23:27:35.776, P2, 1500 MHz, 6801 MHz, 8 %, 55.07 W, 51
2026/10/09 23:27:35.884, P2, 1500 MHz, 6801 MHz, 10 %, 55.26 W, 51
2026/10/09 23:27:35.993, P2, 1500 MHz, 6801 MHz, 10 %, 55.26 W, 51
2026/10/09 23:27:36.102, P2, 1500 MHz, 6801 MHz, 10 %, 55.26 W, 51
2026/10/09 23:27:36.211, P2, 1500 MHz, 6801 MHz, 10 %, 55.26 W, 51
2026/10/09 23:27:36.319, P2, 1500 MHz, 6801 MHz, 10 %, 55.26 W, 51
2026/10/09 23:27:36.428, P2, 1500 MHz, 6801 MHz, 14 %, 55.27 W, 51
2026/10/09 23:27:36.539, P2, 1500 MHz, 6801 MHz, 14 %, 55.27 W, 51
2026/10/09 23:27:36.647, P2, 1500 MHz, 6801 MHz, 14 %, 55.27 W, 51
2026/10/09 23:27:36.756, P2, 1500 MHz, 6801 MHz, 14 %, 55.27 W, 51
2026/10/09 23:27:36.865, P2, 1500 MHz, 6801 MHz, 6 %, 54.97 W, 51
2026/10/09 23:27:36.971, P2, 1500 MHz, 6801 MHz, 6 %, 54.97 W, 51
2026/10/09 23:27:37.078, P2, 1500 MHz, 6801 MHz, 6 %, 54.97 W, 51
2026/10/09 23:27:37.186, P2, 1500 MHz, 6801 MHz, 6 %, 54.97 W, 51
2026/10/09 23:27:37.294, P2, 1500 MHz, 6801 MHz, 6 %, 54.97 W, 51
2026/10/09 23:27:37.403, P2, 1500 MHz, 6801 MHz, 10 %, 55.90 W, 51
2026/10/09 23:27:37.512, P2, 1500 MHz, 6801 MHz, 10 %, 55.90 W, 51
2026/10/09 23:27:37.619, P2, 1500 MHz, 6801 MHz, 10 %, 55.90 W, 51
2026/10/09 23:27:37.728, P2, 1500 MHz, 6801 MHz, 10 %, 55.90 W, 51
2026/10/09 23:27:37.838, P2, 1500 MHz, 6801 MHz, 10 %, 55.90 W, 51
2026/10/09 23:27:37.947, P2, 1500 MHz, 6801 MHz, 8 %, 55.36 W, 51
2026/10/09 23:27:38.054, P2, 1500 MHz, 6801 MHz, 8 %, 55.36 W, 51
2026/10/09 23:27:38.165, P2, 1500 MHz, 6801 MHz, 8 %, 55.36 W, 51
2026/10/09 23:27:38.272, P2, 1500 MHz, 6801 MHz, 8 %, 55.36 W, 51
2026/10/09 23:27:38.381, P2, 1500 MHz, 6801 MHz, 6 %, 55.21 W, 51
2026/10/09 23:27:38.489, P2, 1500 MHz, 6801 MHz, 6 %, 55.21 W, 51
2026/10/09 23:27:38.598, P2, 1500 MHz, 6801 MHz, 6 %, 55.21 W, 51
2026/10/09 23:27:38.707, P2, 1500 MHz, 6801 MHz, 6 %, 55.21 W, 51
2026/10/09 23:27:38.817, P2, 1500 MHz, 6801 MHz, 6 %, 55.21 W, 51
2026/10/09 23:27:38.928, P2, 1500 MHz, 6801 MHz, 10 %, 55.26 W, 51
2026/10/09 23:27:39.036, P2, 1500 MHz, 6801 MHz, 10 %, 55.26 W, 51
2026/10/09 23:27:39.144, P2, 1500 MHz, 6801 MHz, 10 %, 55.26 W, 51
2026/10/09 23:27:39.254, P2, 1500 MHz, 6801 MHz, 10 %, 55.26 W, 51
2026/10/09 23:27:39.364, P2, 1500 MHz, 6801 MHz, 11 %, 55.37 W, 50
2026/10/09 23:27:39.473, P2, 1500 MHz, 6801 MHz, 11 %, 55.37 W, 50
2026/10/09 23:27:39.581, P2, 1500 MHz, 6801 MHz, 11 %, 55.37 W, 50
2026/10/09 23:27:39.689, P2, 1500 MHz, 6801 MHz, 11 %, 55.37 W, 50
2026/10/09 23:27:39.797, P2, 1500 MHz, 6801 MHz, 11 %, 55.37 W, 50
2026/10/09 23:27:39.906, P2, 1500 MHz, 6801 MHz, 7 %, 55.41 W, 51
2026/10/09 23:27:40.016, P2, 1500 MHz, 6801 MHz, 7 %, 55.41 W, 51
2026/10/09 23:27:40.124, P2, 1500 MHz, 6801 MHz, 7 %, 55.41 W, 51
2026/10/09 23:27:40.234, P2, 1500 MHz, 6801 MHz, 7 %, 55.41 W, 51
2026/10/09 23:27:40.343, P2, 1500 MHz, 6801 MHz, 7 %, 55.41 W, 51
2026/10/09 23:27:40.452, P2, 1500 MHz, 6801 MHz, 11 %, 55.58 W, 50
2026/10/09 23:27:40.561, P2, 1500 MHz, 6801 MHz, 11 %, 55.58 W, 50
2026/10/09 23:27:40.670, P2, 1500 MHz, 6801 MHz, 11 %, 55.58 W, 50
2026/10/09 23:27:40.778, P2, 1500 MHz, 6801 MHz, 11 %, 55.58 W, 50
2026/10/09 23:27:40.885, P2, 1500 MHz, 6801 MHz, 11 %, 55.14 W, 50
2026/10/09 23:27:40.994, P2, 1500 MHz, 6801 MHz, 11 %, 55.14 W, 50
2026/10/09 23:27:41.103, P2, 1500 MHz, 6801 MHz, 11 %, 55.14 W, 50
2026/10/09 23:27:41.211, P2, 1500 MHz, 6801 MHz, 11 %, 55.14 W, 50
2026/10/09 23:27:41.318, P2, 1500 MHz, 6801 MHz, 11 %, 55.14 W, 50
2026/10/09 23:27:41.426, P2, 1500 MHz, 6801 MHz, 12 %, 55.01 W, 50
2026/10/09 23:27:41.534, P2, 1500 MHz, 6801 MHz, 12 %, 55.01 W, 50
2026/10/09 23:27:41.644, P2, 1500 MHz, 6801 MHz, 12 %, 55.01 W, 50
2026/10/09 23:27:41.753, P2, 1500 MHz, 6801 MHz, 12 %, 55.01 W, 50
2026/10/09 23:27:41.863, P2, 1500 MHz, 6801 MHz, 7 %, 54.76 W, 50
2026/10/09 23:27:41.971, P2, 1500 MHz, 6801 MHz, 7 %, 54.76 W, 50
2026/10/09 23:27:42.081, P2, 1500 MHz, 6801 MHz, 7 %, 54.76 W, 50
2026/10/09 23:27:42.189, P2, 1500 MHz, 6801 MHz, 7 %, 54.76 W, 50
2026/10/09 23:27:42.299, P2, 1500 MHz, 6801 MHz, 7 %, 54.76 W, 50
2026/10/09 23:27:42.407, P2, 1500 MHz, 6801 MHz, 6 %, 55.15 W, 50
2026/10/09 23:27:42.515, P2, 1500 MHz, 6801 MHz, 6 %, 55.15 W, 50
2026/10/09 23:27:42.623, P2, 1500 MHz, 6801 MHz, 6 %, 55.15 W, 50
2026/10/09 23:27:42.732, P2, 1500 MHz, 6801 MHz, 6 %, 55.15 W, 50
2026/10/09 23:27:42.843, P2, 1500 MHz, 6801 MHz, 6 %, 55.15 W, 50
2026/10/09 23:27:42.951, P2, 1500 MHz, 6801 MHz, 15 %, 55.19 W, 50
2026/10/09 23:27:43.058, P2, 1500 MHz, 6801 MHz, 15 %, 55.19 W, 50
2026/10/09 23:27:43.169, P2, 1500 MHz, 6801 MHz, 15 %, 55.19 W, 50
2026/10/09 23:27:43.278, P2, 1500 MHz, 6801 MHz, 15 %, 55.19 W, 50
2026/10/09 23:27:43.388, P2, 1500 MHz, 6801 MHz, 13 %, 54.75 W, 50
2026/10/09 23:27:43.495, P2, 1500 MHz, 6801 MHz, 13 %, 54.75 W, 50
2026/10/09 23:27:43.602, P2, 1500 MHz, 6801 MHz, 13 %, 54.75 W, 50
2026/10/09 23:27:43.710, P2, 1500 MHz, 6801 MHz, 13 %, 54.75 W, 50
2026/10/09 23:27:43.819, P2, 1500 MHz, 6801 MHz, 13 %, 54.75 W, 50
2026/10/09 23:27:43.927, P2, 1500 MHz, 6801 MHz, 8 %, 54.22 W, 50
2026/10/09 23:27:44.036, P2, 1500 MHz, 6801 MHz, 8 %, 54.22 W, 50
2026/10/09 23:27:44.145, P2, 1500 MHz, 6801 MHz, 8 %, 54.22 W, 50
2026/10/09 23:27:44.253, P2, 1500 MHz, 6801 MHz, 8 %, 54.22 W, 50
2026/10/09 23:27:44.360, P2, 1500 MHz, 6801 MHz, 10 %, 52.41 W, 50
2026/10/09 23:27:44.468, P2, 1500 MHz, 6801 MHz, 10 %, 52.41 W, 50
2026/10/09 23:27:44.578, P2, 1500 MHz, 6801 MHz, 10 %, 52.41 W, 50
2026/10/09 23:27:44.687, P2, 1500 MHz, 6801 MHz, 10 %, 52.41 W, 50
2026/10/09 23:27:44.797, P2, 1500 MHz, 6801 MHz, 10 %, 52.41 W, 50
2026/10/09 23:27:44.907, P2, 1500 MHz, 6801 MHz, 9 %, 53.04 W, 50
2026/10/09 23:27:45.014, P2, 1500 MHz, 6801 MHz, 9 %, 53.04 W, 50
2026/10/09 23:27:45.123, P2, 1500 MHz, 6801 MHz, 9 %, 53.04 W, 50
2026/10/09 23:27:45.232, P2, 1500 MHz, 6801 MHz, 9 %, 53.04 W, 50
2026/10/09 23:27:45.343, P2, 1500 MHz, 6801 MHz, 9 %, 53.04 W, 50
2026/10/09 23:27:45.450, P2, 1500 MHz, 6801 MHz, 10 %, 55.03 W, 50
2026/10/09 23:27:45.558, P2, 1500 MHz, 6801 MHz, 10 %, 55.03 W, 50
2026/10/09 23:27:45.668, P2, 1500 MHz, 6801 MHz, 10 %, 55.03 W, 50
2026/10/09 23:27:45.776, P2, 1500 MHz, 6801 MHz, 10 %, 55.03 W, 50
2026/10/09 23:27:45.885, P2, 1500 MHz, 6801 MHz, 11 %, 55.40 W, 50
2026/10/09 23:27:45.993, P2, 1500 MHz, 6801 MHz, 11 %, 55.40 W, 50
2026/10/09 23:27:46.100, P2, 1500 MHz, 6801 MHz, 11 %, 55.40 W, 50
2026/10/09 23:27:46.208, P2, 1500 MHz, 6801 MHz, 11 %, 55.40 W, 50
2026/10/09 23:27:46.316, P2, 1500 MHz, 6801 MHz, 11 %, 55.40 W, 50
2026/10/09 23:27:46.426, P2, 1500 MHz, 6801 MHz, 11 %, 55.30 W, 50
2026/10/09 23:27:46.535, P2, 1500 MHz, 6801 MHz, 11 %, 55.30 W, 50
2026/10/09 23:27:46.643, P2, 1500 MHz, 6801 MHz, 11 %, 55.30 W, 50
2026/10/09 23:27:46.752, P2, 1500 MHz, 6801 MHz, 11 %, 55.30 W, 50
2026/10/09 23:27:46.860, P2, 1500 MHz, 6801 MHz, 11 %, 55.23 W, 50
2026/10/09 23:27:46.969, P2, 1500 MHz, 6801 MHz, 11 %, 55.23 W, 50
2026/10/09 23:27:47.079, P2, 1500 MHz, 6801 MHz, 11 %, 55.23 W, 50
2026/10/09 23:27:47.191, P2, 1500 MHz, 6801 MHz, 11 %, 55.23 W, 50
2026/10/09 23:27:47.299, P2, 1500 MHz, 6801 MHz, 11 %, 55.23 W, 50
2026/10/09 23:27:47.409, P2, 1500 MHz, 6801 MHz, 10 %, 54.86 W, 50
2026/10/09 23:27:47.519, P2, 1500 MHz, 6801 MHz, 10 %, 54.86 W, 50
2026/10/09 23:27:47.627, P2, 1500 MHz, 6801 MHz, 10 %, 54.86 W, 50
2026/10/09 23:27:47.735, P2, 1500 MHz, 6801 MHz, 10 %, 54.86 W, 50
2026/10/09 23:27:47.845, P2, 1500 MHz, 6801 MHz, 10 %, 54.86 W, 50
2026/10/09 23:27:47.951, P2, 1500 MHz, 6801 MHz, 10 %, 55.20 W, 50
2026/10/09 23:27:48.058, P2, 1500 MHz, 6801 MHz, 10 %, 55.20 W, 50
2026/10/09 23:27:48.167, P2, 1500 MHz, 6801 MHz, 10 %, 55.20 W, 50
2026/10/09 23:27:48.275, P2, 1500 MHz, 6801 MHz, 10 %, 55.20 W, 50
2026/10/09 23:27:48.386, P2, 1500 MHz, 6801 MHz, 15 %, 55.15 W, 50
2026/10/09 23:27:48.494, P2, 1500 MHz, 6801 MHz, 15 %, 55.15 W, 50
2026/10/09 23:27:48.602, P2, 1500 MHz, 6801 MHz, 15 %, 55.15 W, 50
2026/10/09 23:27:48.709, P2, 1500 MHz, 6801 MHz, 15 %, 55.15 W, 50
2026/10/09 23:27:48.818, P2, 1500 MHz, 6801 MHz, 15 %, 55.15 W, 50
2026/10/09 23:27:48.927, P2, 1500 MHz, 6801 MHz, 14 %, 55.13 W, 50
2026/10/09 23:27:49.035, P2, 1500 MHz, 6801 MHz, 14 %, 55.13 W, 50
2026/10/09 23:27:49.143, P2, 1500 MHz, 6801 MHz, 14 %, 55.13 W, 50
2026/10/09 23:27:49.251, P2, 1500 MHz, 6801 MHz, 14 %, 55.13 W, 50
2026/10/09 23:27:49.360, P2, 1500 MHz, 6801 MHz, 9 %, 55.32 W, 50
2026/10/09 23:27:49.469, P2, 1500 MHz, 6801 MHz, 9 %, 55.32 W, 50
2026/10/09 23:27:49.578, P2, 1500 MHz, 6801 MHz, 9 %, 55.32 W, 50
2026/10/09 23:27:49.687, P2, 1500 MHz, 6801 MHz, 9 %, 55.32 W, 50
2026/10/09 23:27:49.795, P2, 1500 MHz, 6801 MHz, 9 %, 55.32 W, 50
2026/10/09 23:27:49.903, P2, 1500 MHz, 6801 MHz, 12 %, 55.21 W, 50
2026/10/09 23:27:50.010, P2, 1500 MHz, 6801 MHz, 12 %, 55.21 W, 50
2026/10/09 23:27:50.118, P2, 1500 MHz, 6801 MHz, 12 %, 55.21 W, 50
2026/10/09 23:27:50.226, P2, 1500 MHz, 6801 MHz, 12 %, 55.21 W, 50
2026/10/09 23:27:50.336, P2, 1500 MHz, 6801 MHz, 12 %, 55.21 W, 50
2026/10/09 23:27:50.444, P2, 1500 MHz, 6801 MHz, 15 %, 55.19 W, 50
2026/10/09 23:27:50.553, P2, 1500 MHz, 6801 MHz, 15 %, 55.19 W, 50
2026/10/09 23:27:50.662, P2, 1500 MHz, 6801 MHz, 15 %, 55.19 W, 50
2026/10/09 23:27:50.771, P2, 1500 MHz, 6801 MHz, 15 %, 55.19 W, 50
2026/10/09 23:27:50.880, P2, 1500 MHz, 6801 MHz, 12 %, 55.42 W, 49
2026/10/09 23:27:50.989, P2, 1500 MHz, 6801 MHz, 12 %, 55.42 W, 49
2026/10/09 23:27:51.098, P2, 1500 MHz, 6801 MHz, 12 %, 55.42 W, 49
2026/10/09 23:27:51.207, P2, 1500 MHz, 6801 MHz, 12 %, 55.42 W, 49
2026/10/09 23:27:51.318, P2, 1500 MHz, 6801 MHz, 12 %, 55.42 W, 49
2026/10/09 23:27:51.428, P2, 1500 MHz, 6801 MHz, 10 %, 54.77 W, 50
2026/10/09 23:27:51.535, P2, 1500 MHz, 6801 MHz, 10 %, 54.77 W, 50
2026/10/09 23:27:51.644, P2, 1500 MHz, 6801 MHz, 10 %, 54.77 W, 50
2026/10/09 23:27:51.753, P2, 1500 MHz, 6801 MHz, 10 %, 54.77 W, 50
2026/10/09 23:27:51.860, P2, 1500 MHz, 6801 MHz, 15 %, 54.57 W, 49
2026/10/09 23:27:51.971, P2, 1500 MHz, 6801 MHz, 15 %, 54.57 W, 49
2026/10/09 23:27:52.078, P2, 1500 MHz, 6801 MHz, 15 %, 54.57 W, 49
2026/10/09 23:27:52.190, P2, 1500 MHz, 6801 MHz, 15 %, 54.57 W, 49
2026/10/09 23:27:52.298, P2, 1500 MHz, 6801 MHz, 15 %, 54.57 W, 49
2026/10/09 23:27:52.407, P2, 1500 MHz, 6801 MHz, 13 %, 55.17 W, 49
2026/10/09 23:27:52.514, P2, 1500 MHz, 6801 MHz, 13 %, 55.17 W, 49
2026/10/09 23:27:52.623, P2, 1500 MHz, 6801 MHz, 13 %, 55.17 W, 49
2026/10/09 23:27:52.731, P2, 1500 MHz, 6801 MHz, 13 %, 55.17 W, 49
2026/10/09 23:27:52.840, P2, 1500 MHz, 6801 MHz, 13 %, 55.17 W, 49
2026/10/09 23:27:52.949, P2, 1500 MHz, 6801 MHz, 13 %, 55.59 W, 50
2026/10/09 23:27:53.057, P2, 1500 MHz, 6801 MHz, 13 %, 55.59 W, 50
2026/10/09 23:27:53.165, P2, 1500 MHz, 6801 MHz, 13 %, 55.59 W, 50
2026/10/09 23:27:53.274, P2, 1500 MHz, 6801 MHz, 13 %, 55.59 W, 50
2026/10/09 23:27:53.383, P2, 1500 MHz, 6801 MHz, 10 %, 55.07 W, 50
2026/10/09 23:27:53.492, P2, 1500 MHz, 6801 MHz, 10 %, 55.07 W, 50
2026/10/09 23:27:53.599, P2, 1500 MHz, 6801 MHz, 10 %, 55.07 W, 50
2026/10/09 23:27:53.709, P2, 1500 MHz, 6801 MHz, 10 %, 55.07 W, 50
2026/10/09 23:27:53.819, P2, 1500 MHz, 6801 MHz, 10 %, 55.07 W, 50
2026/10/09 23:27:53.927, P2, 1500 MHz, 6801 MHz, 8 %, 55.20 W, 49
2026/10/09 23:27:54.035, P2, 1500 MHz, 6801 MHz, 8 %, 55.20 W, 49
2026/10/09 23:27:54.144, P2, 1500 MHz, 6801 MHz, 8 %, 55.20 W, 49
2026/10/09 23:27:54.253, P2, 1500 MHz, 6801 MHz, 8 %, 55.20 W, 49
2026/10/09 23:27:54.360, P2, 1500 MHz, 6801 MHz, 9 %, 55.16 W, 49
2026/10/09 23:27:54.470, P2, 1500 MHz, 6801 MHz, 9 %, 55.16 W, 49
2026/10/09 23:27:54.578, P2, 1500 MHz, 6801 MHz, 9 %, 55.16 W, 49
2026/10/09 23:27:54.687, P2, 1500 MHz, 6801 MHz, 9 %, 55.16 W, 49
2026/10/09 23:27:54.796, P2, 1500 MHz, 6801 MHz, 9 %, 55.16 W, 49
2026/10/09 23:27:54.904, P2, 1500 MHz, 6801 MHz, 14 %, 55.01 W, 49
2026/10/09 23:27:55.009, P2, 1500 MHz, 6801 MHz, 14 %, 55.01 W, 49
2026/10/09 23:27:55.118, P2, 1500 MHz, 6801 MHz, 14 %, 55.01 W, 49
2026/10/09 23:27:55.227, P2, 1500 MHz, 6801 MHz, 14 %, 55.01 W, 49
2026/10/09 23:27:55.335, P2, 1500 MHz, 6801 MHz, 14 %, 55.01 W, 49
2026/10/09 23:27:55.446, P2, 1500 MHz, 6801 MHz, 14 %, 55.03 W, 49
2026/10/09 23:27:55.555, P2, 1500 MHz, 6801 MHz, 14 %, 55.03 W, 49
2026/10/09 23:27:55.664, P2, 1500 MHz, 6801 MHz, 14 %, 55.03 W, 49
2026/10/09 23:27:55.775, P2, 1500 MHz, 6801 MHz, 14 %, 55.03 W, 49
2026/10/09 23:27:55.883, P2, 1500 MHz, 6801 MHz, 15 %, 55.05 W, 49
2026/10/09 23:27:55.991, P2, 1500 MHz, 6801 MHz, 15 %, 55.05 W, 49
2026/10/09 23:27:56.100, P2, 1500 MHz, 6801 MHz, 15 %, 55.05 W, 49
2026/10/09 23:27:56.208, P2, 1500 MHz, 6801 MHz, 15 %, 55.05 W, 49
2026/10/09 23:27:56.316, P2, 1500 MHz, 6801 MHz, 15 %, 55.05 W, 49
2026/10/09 23:27:56.427, P2, 1500 MHz, 6801 MHz, 15 %, 55.33 W, 49
2026/10/09 23:27:56.536, P2, 1500 MHz, 6801 MHz, 15 %, 55.33 W, 49
2026/10/09 23:27:56.644, P2, 1500 MHz, 6801 MHz, 15 %, 55.33 W, 49
2026/10/09 23:27:56.752, P2, 1500 MHz, 6801 MHz, 15 %, 55.33 W, 49
2026/10/09 23:27:56.861, P2, 1500 MHz, 6801 MHz, 10 %, 55.19 W, 49
2026/10/09 23:27:56.969, P2, 1500 MHz, 6801 MHz, 10 %, 55.19 W, 49
2026/10/09 23:27:57.077, P2, 1500 MHz, 6801 MHz, 10 %, 55.19 W, 49
2026/10/09 23:27:57.187, P2, 1500 MHz, 6801 MHz, 10 %, 55.19 W, 49
2026/10/09 23:27:57.294, P2, 1500 MHz, 6801 MHz, 10 %, 55.19 W, 49
2026/10/09 23:27:57.403, P2, 1500 MHz, 6801 MHz, 10 %, 55.12 W, 49
2026/10/09 23:27:57.511, P2, 1500 MHz, 6801 MHz, 10 %, 55.12 W, 49
2026/10/09 23:27:57.619, P2, 1500 MHz, 6801 MHz, 10 %, 55.12 W, 49
2026/10/09 23:27:57.728, P2, 1500 MHz, 6801 MHz, 10 %, 55.12 W, 49
2026/10/09 23:27:57.834, P2, 1500 MHz, 6801 MHz, 10 %, 55.12 W, 49
2026/10/09 23:27:57.946, P2, 1500 MHz, 6801 MHz, 7 %, 54.59 W, 49
2026/10/09 23:27:58.053, P2, 1500 MHz, 6801 MHz, 7 %, 54.59 W, 49
2026/10/09 23:27:58.161, P2, 1500 MHz, 6801 MHz, 7 %, 54.59 W, 49
2026/10/09 23:27:58.272, P2, 1500 MHz, 6801 MHz, 7 %, 54.59 W, 49
2026/10/09 23:27:58.381, P2, 1500 MHz, 6801 MHz, 8 %, 54.27 W, 49
2026/10/09 23:27:58.490, P2, 1500 MHz, 6801 MHz, 8 %, 54.27 W, 49
2026/10/09 23:27:58.600, P2, 1500 MHz, 6801 MHz, 8 %, 54.27 W, 49
2026/10/09 23:27:58.708, P2, 1500 MHz, 6801 MHz, 8 %, 54.27 W, 49
2026/10/09 23:27:58.817, P2, 1500 MHz, 6801 MHz, 8 %, 54.27 W, 49
2026/10/09 23:27:58.926, P2, 1500 MHz, 6801 MHz, 6 %, 53.93 W, 49
2026/10/09 23:27:59.036, P2, 1500 MHz, 6801 MHz, 6 %, 53.93 W, 49
2026/10/09 23:27:59.143, P2, 1500 MHz, 6801 MHz, 6 %, 53.93 W, 49
2026/10/09 23:27:59.252, P2, 1500 MHz, 6801 MHz, 6 %, 53.93 W, 49
2026/10/09 23:27:59.362, P2, 1500 MHz, 6801 MHz, 6 %, 53.64 W, 49
2026/10/09 23:27:59.471, P2, 1500 MHz, 6801 MHz, 6 %, 53.64 W, 49
2026/10/09 23:27:59.579, P2, 1500 MHz, 6801 MHz, 6 %, 53.64 W, 49
2026/10/09 23:27:59.688, P2, 1500 MHz, 6801 MHz, 6 %, 53.64 W, 49
2026/10/09 23:27:59.798, P2, 1500 MHz, 6801 MHz, 6 %, 53.64 W, 49
2026/10/09 23:27:59.906, P2, 1500 MHz, 6801 MHz, 9 %, 54.22 W, 49
2026/10/09 23:28:00.015, P2, 1500 MHz, 6801 MHz, 9 %, 54.22 W, 49
2026/10/09 23:28:00.124, P2, 1500 MHz, 6801 MHz, 9 %, 54.22 W, 49
2026/10/09 23:28:00.234, P2, 1500 MHz, 6801 MHz, 9 %, 54.22 W, 49
2026/10/09 23:28:00.342, P2, 1500 MHz, 6801 MHz, 9 %, 54.22 W, 49
2026/10/09 23:28:00.452, P2, 1500 MHz, 6801 MHz, 14 %, 54.86 W, 49
2026/10/09 23:28:00.558, P2, 1500 MHz, 6801 MHz, 14 %, 54.86 W, 49
2026/10/09 23:28:00.666, P2, 1500 MHz, 6801 MHz, 14 %, 54.86 W, 49
2026/10/09 23:28:00.775, P2, 1500 MHz, 6801 MHz, 14 %, 54.86 W, 49
2026/10/09 23:28:00.884, P2, 1500 MHz, 6801 MHz, 17 %, 54.85 W, 49
2026/10/09 23:28:00.993, P2, 1500 MHz, 6801 MHz, 17 %, 54.85 W, 49
2026/10/09 23:28:01.102, P2, 1500 MHz, 6801 MHz, 17 %, 54.85 W, 49
2026/10/09 23:28:01.211, P2, 1500 MHz, 6801 MHz, 17 %, 54.85 W, 49
2026/10/09 23:28:01.321, P2, 1500 MHz, 6801 MHz, 17 %, 54.85 W, 49
2026/10/09 23:28:01.430, P2, 1500 MHz, 6801 MHz, 6 %, 54.64 W, 49
2026/10/09 23:28:01.538, P2, 1500 MHz, 6801 MHz, 6 %, 54.64 W, 49
2026/10/09 23:28:01.647, P2, 1500 MHz, 6801 MHz, 6 %, 54.64 W, 49
2026/10/09 23:28:01.755, P2, 1500 MHz, 6801 MHz, 6 %, 54.64 W, 49
2026/10/09 23:28:01.865, P2, 1500 MHz, 6801 MHz, 9 %, 54.70 W, 49
2026/10/09 23:28:01.975, P2, 1500 MHz, 6801 MHz, 9 %, 54.70 W, 49
2026/10/09 23:28:02.083, P2, 1500 MHz, 6801 MHz, 9 %, 54.70 W, 49
2026/10/09 23:28:02.190, P2, 1500 MHz, 6801 MHz, 9 %, 54.70 W, 49
2026/10/09 23:28:02.300, P2, 1500 MHz, 6801 MHz, 9 %, 54.70 W, 49
2026/10/09 23:28:02.409, P2, 1500 MHz, 6801 MHz, 8 %, 54.52 W, 49
2026/10/09 23:28:02.519, P2, 1500 MHz, 6801 MHz, 8 %, 54.52 W, 49
2026/10/09 23:28:02.628, P2, 1500 MHz, 6801 MHz, 8 %, 54.52 W, 49
2026/10/09 23:28:02.737, P2, 1500 MHz, 6801 MHz, 8 %, 54.52 W, 49
2026/10/09 23:28:02.846, P2, 1500 MHz, 6801 MHz, 8 %, 54.52 W, 49
2026/10/09 23:28:02.954, P2, 1500 MHz, 6801 MHz, 10 %, 55.14 W, 49
2026/10/09 23:28:03.064, P2, 1500 MHz, 6801 MHz, 10 %, 55.14 W, 49
2026/10/09 23:28:03.175, P2, 1500 MHz, 6801 MHz, 10 %, 55.14 W, 49
2026/10/09 23:28:03.283, P2, 1500 MHz, 6801 MHz, 10 %, 55.14 W, 49
2026/10/09 23:28:03.392, P2, 1500 MHz, 6801 MHz, 12 %, 54.98 W, 49
2026/10/09 23:28:03.500, P2, 1500 MHz, 6801 MHz, 12 %, 54.98 W, 49
2026/10/09 23:28:03.609, P2, 1500 MHz, 6801 MHz, 12 %, 54.98 W, 49
2026/10/09 23:28:03.717, P2, 1500 MHz, 6801 MHz, 12 %, 54.98 W, 49
2026/10/09 23:28:03.825, P2, 1500 MHz, 6801 MHz, 12 %, 54.98 W, 49
2026/10/09 23:28:03.934, P2, 1500 MHz, 6801 MHz, 8 %, 54.72 W, 49
2026/10/09 23:28:04.042, P2, 1500 MHz, 6801 MHz, 8 %, 54.72 W, 49
2026/10/09 23:28:04.150, P2, 1500 MHz, 6801 MHz, 8 %, 54.72 W, 49
2026/10/09 23:28:04.259, P2, 1500 MHz, 6801 MHz, 8 %, 54.72 W, 49
2026/10/09 23:28:04.367, P2, 1500 MHz, 6801 MHz, 1 %, 54.05 W, 49
2026/10/09 23:28:04.474, P2, 1500 MHz, 6801 MHz, 1 %, 54.05 W, 49
2026/10/09 23:28:04.582, P2, 1500 MHz, 6801 MHz, 1 %, 54.05 W, 49
2026/10/09 23:28:04.693, P2, 1500 MHz, 6801 MHz, 1 %, 54.05 W, 49
2026/10/09 23:28:04.802, P2, 1500 MHz, 6801 MHz, 1 %, 54.05 W, 49
2026/10/09 23:28:04.911, P2, 1500 MHz, 6801 MHz, 15 %, 53.62 W, 49
2026/10/09 23:28:05.021, P2, 1500 MHz, 6801 MHz, 15 %, 53.62 W, 49
2026/10/09 23:28:05.128, P2, 1500 MHz, 6801 MHz, 15 %, 53.62 W, 49
2026/10/09 23:28:05.237, P2, 1500 MHz, 6801 MHz, 15 %, 53.62 W, 49
2026/10/09 23:28:05.346, P2, 1500 MHz, 6801 MHz, 15 %, 53.62 W, 49
2026/10/09 23:28:05.453, P2, 1500 MHz, 6801 MHz, 12 %, 53.12 W, 49
2026/10/09 23:28:05.563, P2, 1500 MHz, 6801 MHz, 12 %, 53.12 W, 49
2026/10/09 23:28:05.674, P2, 1500 MHz, 6801 MHz, 12 %, 53.12 W, 49
2026/10/09 23:28:05.781, P2, 1500 MHz, 6801 MHz, 12 %, 53.12 W, 49
2026/10/09 23:28:05.888, P2, 1500 MHz, 6801 MHz, 12 %, 53.30 W, 49
2026/10/09 23:28:06.000, P2, 1500 MHz, 6801 MHz, 12 %, 53.30 W, 49
2026/10/09 23:28:06.109, P2, 1500 MHz, 6801 MHz, 12 %, 53.30 W, 49
2026/10/09 23:28:06.218, P2, 1500 MHz, 6801 MHz, 12 %, 53.30 W, 49
2026/10/09 23:28:06.326, P2, 1500 MHz, 6801 MHz, 12 %, 53.30 W, 49
2026/10/09 23:28:06.436, P2, 1500 MHz, 6801 MHz, 11 %, 53.46 W, 49
2026/10/09 23:28:06.545, P2, 1500 MHz, 6801 MHz, 11 %, 53.46 W, 49
2026/10/09 23:28:06.654, P2, 1500 MHz, 6801 MHz, 11 %, 53.46 W, 49
2026/10/09 23:28:06.763, P2, 1500 MHz, 6801 MHz, 11 %, 53.46 W, 49
2026/10/09 23:28:06.872, P2, 1500 MHz, 6801 MHz, 8 %, 53.37 W, 49
2026/10/09 23:28:06.980, P2, 1500 MHz, 6801 MHz, 8 %, 53.37 W, 49
2026/10/09 23:28:07.089, P2, 1500 MHz, 6801 MHz, 8 %, 53.37 W, 49
2026/10/09 23:28:07.197, P2, 1500 MHz, 6801 MHz, 8 %, 53.37 W, 49
2026/10/09 23:28:07.306, P2, 1500 MHz, 6801 MHz, 8 %, 53.37 W, 49
2026/10/09 23:28:07.414, P2, 1500 MHz, 6801 MHz, 14 %, 53.74 W, 49
2026/10/09 23:28:07.524, P2, 1500 MHz, 6801 MHz, 14 %, 53.74 W, 49
2026/10/09 23:28:07.632, P2, 1500 MHz, 6801 MHz, 14 %, 53.74 W, 49
2026/10/09 23:28:07.741, P2, 1500 MHz, 6801 MHz, 14 %, 53.74 W, 49
2026/10/09 23:28:07.848, P2, 1500 MHz, 6801 MHz, 14 %, 53.74 W, 49
2026/10/09 23:28:07.958, P2, 1500 MHz, 6801 MHz, 12 %, 53.84 W, 49
2026/10/09 23:28:08.065, P2, 1500 MHz, 6801 MHz, 12 %, 53.84 W, 49
2026/10/09 23:28:08.172, P2, 1500 MHz, 6801 MHz, 12 %, 53.84 W, 49
2026/10/09 23:28:08.281, P2, 1500 MHz, 6801 MHz, 12 %, 53.84 W, 49
2026/10/09 23:28:08.391, P2, 1500 MHz, 6801 MHz, 9 %, 53.72 W, 49
2026/10/09 23:28:08.499, P2, 1500 MHz, 6801 MHz, 9 %, 53.72 W, 49
2026/10/09 23:28:08.608, P2, 1500 MHz, 6801 MHz, 9 %, 53.72 W, 49
2026/10/09 23:28:08.716, P2, 1500 MHz, 6801 MHz, 9 %, 53.72 W, 49
2026/10/09 23:28:08.825, P2, 1500 MHz, 6801 MHz, 9 %, 53.72 W, 49
2026/10/09 23:28:08.932, P2, 1500 MHz, 6801 MHz, 11 %, 53.26 W, 49
2026/10/09 23:28:09.041, P2, 1500 MHz, 6801 MHz, 11 %, 53.26 W, 49
2026/10/09 23:28:09.148, P2, 1500 MHz, 6801 MHz, 11 %, 53.26 W, 49
2026/10/09 23:28:09.257, P2, 1500 MHz, 6801 MHz, 11 %, 53.26 W, 49
2026/10/09 23:28:09.367, P2, 1500 MHz, 6801 MHz, 9 %, 53.67 W, 48
2026/10/09 23:28:09.474, P2, 1500 MHz, 6801 MHz, 9 %, 53.67 W, 48
2026/10/09 23:28:09.582, P2, 1500 MHz, 6801 MHz, 9 %, 53.67 W, 48
2026/10/09 23:28:09.689, P2, 1500 MHz, 6801 MHz, 9 %, 53.67 W, 48
2026/10/09 23:28:09.799, P2, 1500 MHz, 6801 MHz, 9 %, 53.67 W, 48
2026/10/09 23:28:09.912, P2, 1500 MHz, 6801 MHz, 15 %, 53.58 W, 48
2026/10/09 23:28:10.021, P2, 1500 MHz, 6801 MHz, 15 %, 53.58 W, 48
2026/10/09 23:28:10.130, P2, 1500 MHz, 6801 MHz, 15 %, 53.58 W, 48
2026/10/09 23:28:10.240, P2, 1500 MHz, 6801 MHz, 15 %, 53.58 W, 48
2026/10/09 23:28:10.352, P2, 1500 MHz, 6801 MHz, 11 %, 53.05 W, 48
2026/10/09 23:28:10.460, P2, 1500 MHz, 6801 MHz, 11 %, 53.05 W, 48
2026/10/09 23:28:10.567, P2, 1500 MHz, 6801 MHz, 11 %, 53.05 W, 48
2026/10/09 23:28:10.674, P2, 1500 MHz, 6801 MHz, 11 %, 53.05 W, 48
2026/10/09 23:28:10.786, P2, 1500 MHz, 6801 MHz, 11 %, 53.05 W, 48
2026/10/09 23:28:10.893, P2, 1500 MHz, 6801 MHz, 8 %, 53.39 W, 48
2026/10/09 23:28:11.002, P2, 1500 MHz, 6801 MHz, 8 %, 53.39 W, 48
2026/10/09 23:28:11.110, P2, 1500 MHz, 6801 MHz, 8 %, 53.39 W, 48
2026/10/09 23:28:11.218, P2, 1500 MHz, 6801 MHz, 8 %, 53.39 W, 48
2026/10/09 23:28:11.329, P2, 1500 MHz, 6801 MHz, 8 %, 53.39 W, 48
2026/10/09 23:28:11.439, P2, 1500 MHz, 6801 MHz, 12 %, 53.68 W, 48
2026/10/09 23:28:11.548, P2, 1500 MHz, 6801 MHz, 12 %, 53.68 W, 48
2026/10/09 23:28:11.656, P2, 1500 MHz, 6801 MHz, 12 %, 53.68 W, 48
2026/10/09 23:28:11.764, P2, 1500 MHz, 6801 MHz, 12 %, 53.68 W, 48
2026/10/09 23:28:11.875, P2, 1500 MHz, 6801 MHz, 9 %, 53.89 W, 48
2026/10/09 23:28:11.984, P2, 1500 MHz, 6801 MHz, 9 %, 53.89 W, 48
2026/10/09 23:28:12.093, P2, 1500 MHz, 6801 MHz, 9 %, 53.89 W, 48
2026/10/09 23:28:12.202, P2, 1500 MHz, 6801 MHz, 9 %, 53.89 W, 48
2026/10/09 23:28:12.311, P2, 1500 MHz, 6801 MHz, 9 %, 53.89 W, 48
2026/10/09 23:28:12.423, P2, 1500 MHz, 6801 MHz, 7 %, 53.86 W, 48
2026/10/09 23:28:12.531, P2, 1500 MHz, 6801 MHz, 7 %, 53.86 W, 48
2026/10/09 23:28:12.639, P2, 1500 MHz, 6801 MHz, 7 %, 53.86 W, 48
2026/10/09 23:28:12.747, P2, 1500 MHz, 6801 MHz, 7 %, 53.86 W, 48
2026/10/09 23:28:12.856, P2, 1500 MHz, 6801 MHz, 9 %, 53.92 W, 48
2026/10/09 23:28:12.966, P2, 1500 MHz, 6801 MHz, 9 %, 53.92 W, 48
2026/10/09 23:28:13.074, P2, 1500 MHz, 6801 MHz, 9 %, 53.92 W, 48
2026/10/09 23:28:13.182, P2, 1500 MHz, 6801 MHz, 9 %, 53.92 W, 48
2026/10/09 23:28:13.290, P2, 1500 MHz, 6801 MHz, 9 %, 53.92 W, 48
2026/10/09 23:28:13.399, P2, 1500 MHz, 6801 MHz, 6 %, 54.00 W, 48
2026/10/09 23:28:13.507, P2, 1500 MHz, 6801 MHz, 6 %, 54.00 W, 48
2026/10/09 23:28:13.616, P2, 1500 MHz, 6801 MHz, 6 %, 54.00 W, 48
2026/10/09 23:28:13.724, P2, 1500 MHz, 6801 MHz, 6 %, 54.00 W, 48
2026/10/09 23:28:13.832, P2, 1500 MHz, 6801 MHz, 6 %, 54.00 W, 48
2026/10/09 23:28:13.939, P2, 1500 MHz, 6801 MHz, 11 %, 54.31 W, 48
2026/10/09 23:28:14.047, P2, 1500 MHz, 6801 MHz, 11 %, 54.31 W, 48
2026/10/09 23:28:14.155, P2, 1500 MHz, 6801 MHz, 11 %, 54.31 W, 48
2026/10/09 23:28:14.264, P2, 1500 MHz, 6801 MHz, 11 %, 54.31 W, 48
2026/10/09 23:28:14.373, P2, 1500 MHz, 6801 MHz, 5 %, 53.83 W, 48
2026/10/09 23:28:14.482, P2, 1500 MHz, 6801 MHz, 5 %, 53.83 W, 48
2026/10/09 23:28:14.590, P2, 1500 MHz, 6801 MHz, 5 %, 53.83 W, 48
2026/10/09 23:28:14.697, P2, 1500 MHz, 6801 MHz, 5 %, 53.83 W, 48
2026/10/09 23:28:14.805, P2, 1500 MHz, 6801 MHz, 5 %, 53.83 W, 48
2026/10/09 23:28:14.915, P2, 1500 MHz, 6801 MHz, 6 %, 52.77 W, 48
2026/10/09 23:28:15.033, P2, 1500 MHz, 6801 MHz, 6 %, 52.77 W, 48
2026/10/09 23:28:15.149, P2, 1500 MHz, 6801 MHz, 6 %, 52.77 W, 48
2026/10/09 23:28:15.256, P2, 1500 MHz, 6801 MHz, 6 %, 52.77 W, 48
2026/10/09 23:28:15.365, P2, 1500 MHz, 6801 MHz, 1 %, 50.37 W, 48
2026/10/09 23:28:15.474, P2, 1500 MHz, 6801 MHz, 1 %, 50.37 W, 48
2026/10/09 23:28:15.583, P2, 1500 MHz, 6801 MHz, 1 %, 50.37 W, 48
2026/10/09 23:28:15.692, P2, 1500 MHz, 6801 MHz, 1 %, 50.37 W, 48
2026/10/09 23:28:15.798, P2, 1500 MHz, 6801 MHz, 1 %, 50.37 W, 48
2026/10/09 23:28:15.906, P2, 1500 MHz, 6801 MHz, 1 %, 48.82 W, 48
2026/10/09 23:28:16.014, P2, 1500 MHz, 6801 MHz, 1 %, 48.82 W, 48
2026/10/09 23:28:16.122, P2, 1500 MHz, 6801 MHz, 1 %, 48.82 W, 48
2026/10/09 23:28:16.231, P2, 1500 MHz, 6801 MHz, 1 %, 48.82 W, 48
2026/10/09 23:28:16.341, P2, 1500 MHz, 6801 MHz, 1 %, 48.82 W, 48
2026/10/09 23:28:16.449, P2, 1500 MHz, 6801 MHz, 1 %, 48.10 W, 48
2026/10/09 23:28:16.556, P2, 1500 MHz, 6801 MHz, 1 %, 48.10 W, 48
2026/10/09 23:28:16.666, P2, 1500 MHz, 6801 MHz, 1 %, 48.10 W, 48
2026/10/09 23:28:16.775, P2, 1500 MHz, 6801 MHz, 1 %, 48.10 W, 48
2026/10/09 23:28:16.886, P2, 1500 MHz, 6801 MHz, 1 %, 48.08 W, 48
2026/10/09 23:28:16.993, P2, 1500 MHz, 6801 MHz, 1 %, 48.08 W, 48
2026/10/09 23:28:17.102, P2, 1500 MHz, 6801 MHz, 1 %, 48.08 W, 48
2026/10/09 23:28:17.210, P2, 1500 MHz, 6801 MHz, 1 %, 48.08 W, 48
2026/10/09 23:28:17.320, P2, 1500 MHz, 6801 MHz, 1 %, 48.08 W, 48
2026/10/09 23:28:17.427, P2, 1500 MHz, 6801 MHz, 1 %, 48.12 W, 48
2026/10/09 23:28:17.536, P2, 1500 MHz, 6801 MHz, 1 %, 48.12 W, 48
2026/10/09 23:28:17.643, P2, 1500 MHz, 6801 MHz, 1 %, 48.12 W, 48
2026/10/09 23:28:17.752, P2, 1500 MHz, 6801 MHz, 1 %, 48.12 W, 48
2026/10/09 23:28:17.861, P2, 1500 MHz, 6801 MHz, 1 %, 48.17 W, 48
2026/10/09 23:28:17.968, P2, 1500 MHz, 6801 MHz, 1 %, 48.17 W, 48
2026/10/09 23:28:18.078, P2, 1500 MHz, 6801 MHz, 1 %, 48.17 W, 48
2026/10/09 23:28:18.187, P2, 1500 MHz, 6801 MHz, 1 %, 48.17 W, 48
2026/10/09 23:28:18.296, P2, 1500 MHz, 6801 MHz, 1 %, 48.17 W, 48
2026/10/09 23:28:18.404, P2, 1500 MHz, 6801 MHz, 1 %, 48.10 W, 48
2026/10/09 23:28:18.513, P2, 1500 MHz, 6801 MHz, 1 %, 48.10 W, 48
2026/10/09 23:28:18.621, P2, 1500 MHz, 6801 MHz, 1 %, 48.10 W, 48
2026/10/09 23:28:18.732, P2, 1500 MHz, 6801 MHz, 1 %, 48.10 W, 48
2026/10/09 23:28:18.839, P2, 1500 MHz, 6801 MHz, 1 %, 48.10 W, 48
2026/10/09 23:28:18.959, P2, 1500 MHz, 6801 MHz, 0 %, 48.05 W, 48
2026/10/09 23:28:19.074, P2, 1500 MHz, 6801 MHz, 0 %, 48.05 W, 48
2026/10/09 23:28:19.184, P2, 1500 MHz, 6801 MHz, 0 %, 48.05 W, 48
2026/10/09 23:28:19.293, P2, 1500 MHz, 6801 MHz, 0 %, 48.05 W, 48
2026/10/09 23:28:19.403, P2, 1500 MHz, 6801 MHz, 1 %, 48.09 W, 48
2026/10/09 23:28:19.511, P2, 1500 MHz, 6801 MHz, 1 %, 48.09 W, 48
2026/10/09 23:28:19.616, P2, 1500 MHz, 6801 MHz, 1 %, 48.09 W, 48
2026/10/09 23:28:19.726, P2, 1500 MHz, 6801 MHz, 1 %, 48.09 W, 48
2026/10/09 23:28:19.837, P2, 1500 MHz, 6801 MHz, 1 %, 48.09 W, 48
2026/10/09 23:28:19.946, P2, 1500 MHz, 6801 MHz, 1 %, 48.07 W, 48
2026/10/09 23:28:20.054, P2, 1500 MHz, 6801 MHz, 1 %, 48.07 W, 48
2026/10/09 23:28:20.162, P2, 1500 MHz, 6801 MHz, 1 %, 48.07 W, 48
2026/10/09 23:28:20.271, P2, 1500 MHz, 6801 MHz, 1 %, 48.07 W, 48
2026/10/09 23:28:20.379, P2, 1500 MHz, 6801 MHz, 1 %, 48.06 W, 47
2026/10/09 23:28:20.489, P2, 1500 MHz, 6801 MHz, 1 %, 48.06 W, 47
2026/10/09 23:28:20.598, P2, 1500 MHz, 6801 MHz, 1 %, 48.06 W, 47
2026/10/09 23:28:20.706, P2, 1500 MHz, 6801 MHz, 1 %, 48.06 W, 47
2026/10/09 23:28:20.813, P2, 1500 MHz, 6801 MHz, 1 %, 48.06 W, 47
2026/10/09 23:28:20.924, P2, 1500 MHz, 6801 MHz, 0 %, 48.08 W, 48
2026/10/09 23:28:21.032, P2, 1500 MHz, 6801 MHz, 0 %, 48.08 W, 48
2026/10/09 23:28:21.140, P2, 1500 MHz, 6801 MHz, 0 %, 48.08 W, 48
2026/10/09 23:28:21.248, P2, 1500 MHz, 6801 MHz, 0 %, 48.08 W, 48
2026/10/09 23:28:21.358, P2, 1710 MHz, 6801 MHz, 81 %, 54.04 W, 52
2026/10/09 23:28:21.465, P2, 1710 MHz, 6801 MHz, 81 %, 54.04 W, 52
2026/10/09 23:28:21.572, P2, 1710 MHz, 6801 MHz, 81 %, 54.04 W, 52
2026/10/09 23:28:21.682, P2, 1710 MHz, 6801 MHz, 81 %, 54.04 W, 52
2026/10/09 23:28:21.790, P2, 1710 MHz, 6801 MHz, 81 %, 54.04 W, 52
2026/10/09 23:28:21.899, P2, 1905 MHz, 6801 MHz, 100 %, 113.99 W, 56
2026/10/09 23:28:22.010, P2, 1905 MHz, 6801 MHz, 100 %, 113.99 W, 56
2026/10/09 23:28:22.117, P2, 1905 MHz, 6801 MHz, 100 %, 113.99 W, 56
2026/10/09 23:28:22.226, P2, 1905 MHz, 6801 MHz, 100 %, 113.99 W, 56
2026/10/09 23:28:22.336, P2, 1905 MHz, 6801 MHz, 100 %, 113.99 W, 56
2026/10/09 23:28:22.445, P2, 1905 MHz, 6801 MHz, 1 %, 121.31 W, 49
2026/10/09 23:28:22.554, P2, 1905 MHz, 6801 MHz, 1 %, 121.31 W, 49
2026/10/09 23:28:22.663, P2, 1905 MHz, 6801 MHz, 1 %, 121.31 W, 49
2026/10/09 23:28:22.772, P2, 1905 MHz, 6801 MHz, 1 %, 121.31 W, 49
2026/10/09 23:28:22.881, P2, 1905 MHz, 6801 MHz, 1 %, 75.58 W, 49
2026/10/09 23:28:23.001, P2, 1905 MHz, 6801 MHz, 1 %, 75.58 W, 49
2026/10/09 23:28:23.114, P2, 1905 MHz, 6801 MHz, 1 %, 75.58 W, 49
2026/10/09 23:28:23.223, P2, 1905 MHz, 6801 MHz, 1 %, 75.58 W, 49
2026/10/09 23:28:23.331, P2, 1905 MHz, 6801 MHz, 1 %, 75.58 W, 49
2026/10/09 23:28:23.440, P2, 1905 MHz, 6801 MHz, 1 %, 60.14 W, 49
2026/10/09 23:28:23.548, P2, 1905 MHz, 6801 MHz, 1 %, 60.14 W, 49
2026/10/09 23:28:23.658, P2, 1905 MHz, 6801 MHz, 1 %, 60.14 W, 49
2026/10/09 23:28:23.768, P2, 1905 MHz, 6801 MHz, 1 %, 60.14 W, 49
2026/10/09 23:28:23.877, P2, 1500 MHz, 6801 MHz, 1 %, 59.10 W, 48
2026/10/09 23:28:23.986, P2, 1500 MHz, 6801 MHz, 1 %, 59.10 W, 48
2026/10/09 23:28:24.094, P2, 1500 MHz, 6801 MHz, 1 %, 59.10 W, 48
2026/10/09 23:28:24.202, P2, 1500 MHz, 6801 MHz, 1 %, 59.10 W, 48
2026/10/09 23:28:24.309, P2, 1500 MHz, 6801 MHz, 1 %, 59.10 W, 48
2026/10/09 23:28:24.419, P2, 1710 MHz, 6801 MHz, 7 %, 54.78 W, 49
2026/10/09 23:28:24.527, P2, 1710 MHz, 6801 MHz, 7 %, 54.78 W, 49
2026/10/09 23:28:24.636, P2, 1710 MHz, 6801 MHz, 7 %, 54.78 W, 49
2026/10/09 23:28:24.743, P2, 1710 MHz, 6801 MHz, 7 %, 54.78 W, 49
2026/10/09 23:28:24.853, P2, 1710 MHz, 6801 MHz, 6 %, 54.07 W, 49
2026/10/09 23:28:24.961, P2, 1710 MHz, 6801 MHz, 6 %, 54.07 W, 49
2026/10/09 23:28:25.070, P2, 1710 MHz, 6801 MHz, 6 %, 54.07 W, 49
2026/10/09 23:28:25.179, P2, 1710 MHz, 6801 MHz, 6 %, 54.07 W, 49
2026/10/09 23:28:25.290, P2, 1710 MHz, 6801 MHz, 6 %, 54.07 W, 49
2026/10/09 23:28:25.398, P2, 1710 MHz, 6801 MHz, 7 %, 57.94 W, 49
2026/10/09 23:28:25.505, P2, 1710 MHz, 6801 MHz, 7 %, 57.94 W, 49
2026/10/09 23:28:25.614, P2, 1710 MHz, 6801 MHz, 7 %, 57.94 W, 49
2026/10/09 23:28:25.722, P2, 1710 MHz, 6801 MHz, 7 %, 57.94 W, 49
2026/10/09 23:28:25.833, P2, 1710 MHz, 6801 MHz, 7 %, 57.94 W, 49
2026/10/09 23:28:25.943, P2, 1710 MHz, 6801 MHz, 6 %, 58.41 W, 49
2026/10/09 23:28:26.052, P2, 1710 MHz, 6801 MHz, 6 %, 58.41 W, 49
2026/10/09 23:28:26.162, P2, 1710 MHz, 6801 MHz, 6 %, 58.41 W, 49
2026/10/09 23:28:26.271, P2, 1710 MHz, 6801 MHz, 6 %, 58.41 W, 49
2026/10/09 23:28:26.380, P2, 1500 MHz, 6801 MHz, 6 %, 57.90 W, 48
2026/10/09 23:28:26.490, P2, 1500 MHz, 6801 MHz, 6 %, 57.90 W, 48
2026/10/09 23:28:26.601, P2, 1500 MHz, 6801 MHz, 6 %, 57.90 W, 48
2026/10/09 23:28:26.711, P2, 1500 MHz, 6801 MHz, 6 %, 57.90 W, 48
2026/10/09 23:28:26.820, P2, 1500 MHz, 6801 MHz, 6 %, 57.90 W, 48
2026/10/09 23:28:26.930, P2, 1500 MHz, 6801 MHz, 6 %, 55.31 W, 48
2026/10/09 23:28:27.038, P2, 1500 MHz, 6801 MHz, 6 %, 55.31 W, 48
2026/10/09 23:28:27.146, P2, 1500 MHz, 6801 MHz, 6 %, 55.31 W, 48
2026/10/09 23:28:27.254, P2, 1500 MHz, 6801 MHz, 6 %, 55.31 W, 48
2026/10/09 23:28:27.361, P2, 1500 MHz, 6801 MHz, 7 %, 53.51 W, 48
2026/10/09 23:28:27.469, P2, 1500 MHz, 6801 MHz, 7 %, 53.51 W, 48
2026/10/09 23:28:27.579, P2, 1500 MHz, 6801 MHz, 7 %, 53.51 W, 48
2026/10/09 23:28:27.689, P2, 1500 MHz, 6801 MHz, 7 %, 53.51 W, 48
2026/10/09 23:28:27.800, P2, 1500 MHz, 6801 MHz, 7 %, 53.51 W, 48
2026/10/09 23:28:27.907, P2, 1500 MHz, 6801 MHz, 1 %, 51.93 W, 48
2026/10/09 23:28:28.016, P2, 1500 MHz, 6801 MHz, 1 %, 51.93 W, 48
2026/10/09 23:28:28.124, P2, 1500 MHz, 6801 MHz, 1 %, 51.93 W, 48
2026/10/09 23:28:28.233, P2, 1500 MHz, 6801 MHz, 1 %, 51.93 W, 48
2026/10/09 23:28:28.341, P2, 1500 MHz, 6801 MHz, 1 %, 51.93 W, 48
2026/10/09 23:28:28.451, P2, 1500 MHz, 6801 MHz, 1 %, 49.19 W, 47
2026/10/09 23:28:28.560, P2, 1500 MHz, 6801 MHz, 1 %, 49.19 W, 47
2026/10/09 23:28:28.668, P2, 1500 MHz, 6801 MHz, 1 %, 49.19 W, 47
2026/10/09 23:28:28.777, P2, 1500 MHz, 6801 MHz, 1 %, 49.19 W, 47
2026/10/09 23:28:28.885, P2, 1500 MHz, 6801 MHz, 1 %, 47.95 W, 47
2026/10/09 23:28:28.996, P2, 1500 MHz, 6801 MHz, 1 %, 47.95 W, 47
2026/10/09 23:28:29.103, P2, 1500 MHz, 6801 MHz, 1 %, 47.95 W, 47
2026/10/09 23:28:29.212, P2, 1500 MHz, 6801 MHz, 1 %, 47.95 W, 47
2026/10/09 23:28:29.320, P2, 1500 MHz, 6801 MHz, 1 %, 47.95 W, 47
2026/10/09 23:28:29.429, P2, 1500 MHz, 6801 MHz, 1 %, 47.98 W, 47
2026/10/09 23:28:29.538, P2, 1500 MHz, 6801 MHz, 1 %, 47.98 W, 47
2026/10/09 23:28:29.662, P2, 1500 MHz, 6801 MHz, 1 %, 47.98 W, 47
2026/10/09 23:28:29.772, P2, 1500 MHz, 6801 MHz, 1 %, 47.98 W, 47
2026/10/09 23:28:29.880, P2, 1500 MHz, 6801 MHz, 1 %, 48.00 W, 47
2026/10/09 23:28:29.988, P2, 1500 MHz, 6801 MHz, 1 %, 48.00 W, 47
2026/10/09 23:28:30.098, P2, 1500 MHz, 6801 MHz, 1 %, 48.00 W, 47
2026/10/09 23:28:30.206, P2, 1500 MHz, 6801 MHz, 1 %, 48.00 W, 47
2026/10/09 23:28:30.314, P2, 1500 MHz, 6801 MHz, 1 %, 48.00 W, 47
2026/10/09 23:28:30.422, P2, 1500 MHz, 6801 MHz, 1 %, 48.03 W, 47
2026/10/09 23:28:30.531, P2, 1500 MHz, 6801 MHz, 1 %, 48.03 W, 47
2026/10/09 23:28:30.638, P2, 1500 MHz, 6801 MHz, 1 %, 48.03 W, 47
2026/10/09 23:28:30.747, P2, 1500 MHz, 6801 MHz, 1 %, 48.03 W, 47
2026/10/09 23:28:30.857, P2, 1500 MHz, 6801 MHz, 1 %, 48.05 W, 47
2026/10/09 23:28:30.986, P2, 1500 MHz, 6801 MHz, 1 %, 48.05 W, 47
2026/10/09 23:28:31.092, P2, 1500 MHz, 6801 MHz, 1 %, 48.05 W, 47
2026/10/09 23:28:31.199, P2, 1500 MHz, 6801 MHz, 1 %, 48.05 W, 47
2026/10/09 23:28:31.309, P2, 1500 MHz, 6801 MHz, 1 %, 48.05 W, 47
2026/10/09 23:28:31.419, P2, 1500 MHz, 6801 MHz, 1 %, 48.09 W, 47
2026/10/09 23:28:31.530, P2, 1500 MHz, 6801 MHz, 1 %, 48.09 W, 47
2026/10/09 23:28:31.638, P2, 1500 MHz, 6801 MHz, 1 %, 48.09 W, 47
2026/10/09 23:28:31.747, P2, 1500 MHz, 6801 MHz, 1 %, 48.09 W, 47
2026/10/09 23:28:31.856, P2, 1500 MHz, 6801 MHz, 1 %, 48.04 W, 47
2026/10/09 23:28:31.965, P2, 1500 MHz, 6801 MHz, 1 %, 48.04 W, 47
2026/10/09 23:28:32.073, P2, 1500 MHz, 6801 MHz, 1 %, 48.04 W, 47
2026/10/09 23:28:32.184, P2, 1500 MHz, 6801 MHz, 1 %, 48.04 W, 47
2026/10/09 23:28:32.292, P2, 1500 MHz, 6801 MHz, 1 %, 48.04 W, 47
2026/10/09 23:28:32.399, P2, 1500 MHz, 6801 MHz, 1 %, 47.97 W, 47
2026/10/09 23:28:32.507, P2, 1500 MHz, 6801 MHz, 1 %, 47.97 W, 47
2026/10/09 23:28:32.616, P2, 1500 MHz, 6801 MHz, 1 %, 47.97 W, 47
2026/10/09 23:28:32.726, P2, 1500 MHz, 6801 MHz, 1 %, 47.97 W, 47
2026/10/09 23:28:32.834, P2, 1500 MHz, 6801 MHz, 1 %, 47.97 W, 47
2026/10/09 23:28:32.942, P2, 1500 MHz, 6801 MHz, 0 %, 47.92 W, 47
2026/10/09 23:28:33.050, P2, 1500 MHz, 6801 MHz, 0 %, 47.92 W, 47
2026/10/09 23:28:33.159, P2, 1500 MHz, 6801 MHz, 0 %, 47.92 W, 47
2026/10/09 23:28:33.267, P2, 1500 MHz, 6801 MHz, 0 %, 47.92 W, 47
2026/10/09 23:28:33.375, P2, 1500 MHz, 6801 MHz, 1 %, 47.92 W, 47
2026/10/09 23:28:33.483, P2, 1500 MHz, 6801 MHz, 1 %, 47.92 W, 47
2026/10/09 23:28:33.591, P2, 1500 MHz, 6801 MHz, 1 %, 47.92 W, 47
2026/10/09 23:28:33.700, P2, 1500 MHz, 6801 MHz, 1 %, 47.92 W, 47
2026/10/09 23:28:33.809, P2, 1500 MHz, 6801 MHz, 1 %, 47.92 W, 47
2026/10/09 23:28:33.918, P2, 1500 MHz, 6801 MHz, 1 %, 47.91 W, 47
2026/10/09 23:28:34.026, P2, 1500 MHz, 6801 MHz, 1 %, 47.91 W, 47
2026/10/09 23:28:34.135, P2, 1500 MHz, 6801 MHz, 1 %, 47.91 W, 47
2026/10/09 23:28:34.244, P2, 1500 MHz, 6801 MHz, 1 %, 47.91 W, 47
2026/10/09 23:28:34.351, P2, 1905 MHz, 6801 MHz, 100 %, 98.06 W, 57
2026/10/09 23:28:34.459, P2, 1905 MHz, 6801 MHz, 100 %, 98.06 W, 57
2026/10/09 23:28:34.568, P2, 1905 MHz, 6801 MHz, 100 %, 98.06 W, 57
2026/10/09 23:28:34.676, P2, 1905 MHz, 6801 MHz, 100 %, 98.06 W, 57
2026/10/09 23:28:34.784, P2, 1905 MHz, 6801 MHz, 100 %, 98.06 W, 57
2026/10/09 23:28:34.891, P2, 1905 MHz, 6801 MHz, 63 %, 151.21 W, 54
2026/10/09 23:28:35.000, P2, 1905 MHz, 6801 MHz, 63 %, 151.21 W, 54
2026/10/09 23:28:35.110, P2, 1905 MHz, 6801 MHz, 63 %, 151.21 W, 54
2026/10/09 23:28:35.220, P2, 1905 MHz, 6801 MHz, 63 %, 151.21 W, 54
2026/10/09 23:28:35.331, P2, 1905 MHz, 6801 MHz, 63 %, 151.21 W, 54
2026/10/09 23:28:35.440, P2, 1905 MHz, 6801 MHz, 1 %, 120.69 W, 49
2026/10/09 23:28:35.550, P2, 1905 MHz, 6801 MHz, 1 %, 120.69 W, 49
2026/10/09 23:28:35.660, P2, 1905 MHz, 6801 MHz, 1 %, 120.69 W, 49
2026/10/09 23:28:35.770, P2, 1905 MHz, 6801 MHz, 1 %, 120.69 W, 49
2026/10/09 23:28:35.879, P2, 1905 MHz, 6801 MHz, 1 %, 65.91 W, 49
2026/10/09 23:28:35.986, P2, 1905 MHz, 6801 MHz, 1 %, 65.91 W, 49
2026/10/09 23:28:36.095, P2, 1905 MHz, 6801 MHz, 1 %, 65.91 W, 49
2026/10/09 23:28:36.205, P2, 1905 MHz, 6801 MHz, 1 %, 65.91 W, 49
2026/10/09 23:28:36.312, P2, 1905 MHz, 6801 MHz, 1 %, 65.91 W, 49
2026/10/09 23:28:36.421, P2, 1905 MHz, 6801 MHz, 1 %, 60.05 W, 49
2026/10/09 23:28:36.530, P2, 1905 MHz, 6801 MHz, 1 %, 60.05 W, 49
2026/10/09 23:28:36.640, P2, 1905 MHz, 6801 MHz, 1 %, 60.05 W, 49
2026/10/09 23:28:36.746, P2, 1905 MHz, 6801 MHz, 1 %, 60.05 W, 49
2026/10/09 23:28:36.854, P2, 1500 MHz, 6801 MHz, 1 %, 58.01 W, 48
2026/10/09 23:28:36.963, P2, 1500 MHz, 6801 MHz, 1 %, 58.01 W, 48
2026/10/09 23:28:37.072, P2, 1500 MHz, 6801 MHz, 1 %, 58.01 W, 48
2026/10/09 23:28:37.181, P2, 1500 MHz, 6801 MHz, 1 %, 58.01 W, 48
2026/10/09 23:28:37.290, P2, 1500 MHz, 6801 MHz, 1 %, 58.01 W, 48
2026/10/09 23:28:37.401, P2, 1500 MHz, 6801 MHz, 2 %, 52.64 W, 48
2026/10/09 23:28:37.509, P2, 1500 MHz, 6801 MHz, 2 %, 52.64 W, 48
2026/10/09 23:28:37.618, P2, 1500 MHz, 6801 MHz, 2 %, 52.64 W, 48
2026/10/09 23:28:37.725, P2, 1500 MHz, 6801 MHz, 2 %, 52.64 W, 48
2026/10/09 23:28:37.834, P2, 1500 MHz, 6801 MHz, 2 %, 52.64 W, 48
2026/10/09 23:28:37.942, P2, 1740 MHz, 6801 MHz, 10 %, 53.10 W, 49
2026/10/09 23:28:38.050, P2, 1740 MHz, 6801 MHz, 10 %, 53.10 W, 49
2026/10/09 23:28:38.159, P2, 1740 MHz, 6801 MHz, 10 %, 53.10 W, 49
2026/10/09 23:28:38.267, P2, 1740 MHz, 6801 MHz, 10 %, 53.10 W, 49
2026/10/09 23:28:38.376, P2, 1740 MHz, 6801 MHz, 7 %, 58.57 W, 48
2026/10/09 23:28:38.482, P2, 1740 MHz, 6801 MHz, 7 %, 58.57 W, 48
2026/10/09 23:28:38.592, P2, 1740 MHz, 6801 MHz, 7 %, 58.57 W, 48
2026/10/09 23:28:38.705, P2, 1740 MHz, 6801 MHz, 7 %, 58.57 W, 48
2026/10/09 23:28:38.813, P2, 1740 MHz, 6801 MHz, 7 %, 58.57 W, 48
2026/10/09 23:28:38.923, P2, 1740 MHz, 6801 MHz, 10 %, 60.59 W, 48
2026/10/09 23:28:39.033, P2, 1740 MHz, 6801 MHz, 10 %, 60.59 W, 48
2026/10/09 23:28:39.141, P2, 1740 MHz, 6801 MHz, 10 %, 60.59 W, 48
2026/10/09 23:28:39.249, P2, 1740 MHz, 6801 MHz, 10 %, 60.59 W, 48
2026/10/09 23:28:39.359, P2, 1500 MHz, 6801 MHz, 13 %, 59.98 W, 48
2026/10/09 23:28:39.467, P2, 1500 MHz, 6801 MHz, 13 %, 59.98 W, 48
2026/10/09 23:28:39.577, P2, 1500 MHz, 6801 MHz, 13 %, 59.98 W, 48
2026/10/09 23:28:39.685, P2, 1500 MHz, 6801 MHz, 13 %, 59.98 W, 48
2026/10/09 23:28:39.794, P2, 1500 MHz, 6801 MHz, 13 %, 59.98 W, 48
2026/10/09 23:28:39.903, P2, 1500 MHz, 6801 MHz, 6 %, 56.90 W, 48
2026/10/09 23:28:40.011, P2, 1500 MHz, 6801 MHz, 6 %, 56.90 W, 48
2026/10/09 23:28:40.121, P2, 1500 MHz, 6801 MHz, 6 %, 56.90 W, 48
2026/10/09 23:28:40.229, P2, 1500 MHz, 6801 MHz, 6 %, 56.90 W, 48
2026/10/09 23:28:40.337, P2, 1500 MHz, 6801 MHz, 6 %, 56.90 W, 48
2026/10/09 23:28:40.445, P2, 1500 MHz, 6801 MHz, 7 %, 54.36 W, 48
2026/10/09 23:28:40.553, P2, 1500 MHz, 6801 MHz, 7 %, 54.36 W, 48
2026/10/09 23:28:40.661, P2, 1500 MHz, 6801 MHz, 7 %, 54.36 W, 48
2026/10/09 23:28:40.768, P2, 1500 MHz, 6801 MHz, 7 %, 54.36 W, 48
2026/10/09 23:28:40.878, P2, 1500 MHz, 6801 MHz, 1 %, 53.37 W, 48
2026/10/09 23:28:40.987, P2, 1500 MHz, 6801 MHz, 1 %, 53.37 W, 48
2026/10/09 23:28:41.097, P2, 1500 MHz, 6801 MHz, 1 %, 53.37 W, 48
2026/10/09 23:28:41.205, P2, 1500 MHz, 6801 MHz, 1 %, 53.37 W, 48
2026/10/09 23:28:41.314, P2, 1500 MHz, 6801 MHz, 1 %, 53.37 W, 48
2026/10/09 23:28:41.422, P2, 1500 MHz, 6801 MHz, 1 %, 50.52 W, 47
2026/10/09 23:28:41.532, P2, 1500 MHz, 6801 MHz, 1 %, 50.52 W, 47
2026/10/09 23:28:41.641, P2, 1500 MHz, 6801 MHz, 1 %, 50.52 W, 47
2026/10/09 23:28:41.750, P2, 1500 MHz, 6801 MHz, 1 %, 50.52 W, 47
2026/10/09 23:28:41.858, P2, 1500 MHz, 6801 MHz, 0 %, 48.17 W, 47
2026/10/09 23:28:41.968, P2, 1500 MHz, 6801 MHz, 0 %, 48.17 W, 47
2026/10/09 23:28:42.077, P2, 1500 MHz, 6801 MHz, 0 %, 48.17 W, 47
2026/10/09 23:28:42.186, P2, 1500 MHz, 6801 MHz, 0 %, 48.17 W, 47
2026/10/09 23:28:42.293, P2, 1500 MHz, 6801 MHz, 0 %, 48.17 W, 47
2026/10/09 23:28:42.403, P2, 1500 MHz, 6801 MHz, 1 %, 48.09 W, 47
2026/10/09 23:28:42.512, P2, 1500 MHz, 6801 MHz, 1 %, 48.09 W, 47
2026/10/09 23:28:42.621, P2, 1500 MHz, 6801 MHz, 1 %, 48.09 W, 47
2026/10/09 23:28:42.729, P2, 1500 MHz, 6801 MHz, 1 %, 48.09 W, 47
2026/10/09 23:28:42.837, P2, 1500 MHz, 6801 MHz, 1 %, 48.09 W, 47
2026/10/09 23:28:42.948, P2, 1500 MHz, 6801 MHz, 0 %, 48.04 W, 47
2026/10/09 23:28:43.054, P2, 1500 MHz, 6801 MHz, 0 %, 48.04 W, 47
2026/10/09 23:28:43.164, P2, 1500 MHz, 6801 MHz, 0 %, 48.04 W, 47
2026/10/09 23:28:43.273, P2, 1500 MHz, 6801 MHz, 0 %, 48.04 W, 47
2026/10/09 23:28:43.401, P2, 1500 MHz, 6801 MHz, 0 %, 48.08 W, 47
2026/10/09 23:28:43.508, P2, 1500 MHz, 6801 MHz, 0 %, 48.08 W, 47
2026/10/09 23:28:43.616, P2, 1500 MHz, 6801 MHz, 0 %, 48.08 W, 47
2026/10/09 23:28:43.724, P2, 1500 MHz, 6801 MHz, 0 %, 48.08 W, 47
2026/10/09 23:28:43.831, P2, 1500 MHz, 6801 MHz, 0 %, 48.08 W, 47
2026/10/09 23:28:43.939, P2, 1500 MHz, 6801 MHz, 1 %, 48.02 W, 47
2026/10/09 23:28:44.049, P2, 1500 MHz, 6801 MHz, 1 %, 48.02 W, 47
2026/10/09 23:28:44.158, P2, 1500 MHz, 6801 MHz, 1 %, 48.02 W, 47
2026/10/09 23:28:44.267, P2, 1500 MHz, 6801 MHz, 1 %, 48.02 W, 47
2026/10/09 23:28:44.375, P2, 1500 MHz, 6801 MHz, 1 %, 47.95 W, 47
2026/10/09 23:28:44.483, P2, 1500 MHz, 6801 MHz, 1 %, 47.95 W, 47
2026/10/09 23:28:44.593, P2, 1500 MHz, 6801 MHz, 1 %, 47.95 W, 47
2026/10/09 23:28:44.702, P2, 1500 MHz, 6801 MHz, 1 %, 47.95 W, 47
2026/10/09 23:28:44.810, P2, 1500 MHz, 6801 MHz, 1 %, 47.95 W, 47
2026/10/09 23:28:44.918, P2, 1500 MHz, 6801 MHz, 0 %, 47.90 W, 47
2026/10/09 23:28:45.026, P2, 1500 MHz, 6801 MHz, 0 %, 47.90 W, 47
2026/10/09 23:28:45.136, P2, 1500 MHz, 6801 MHz, 0 %, 47.90 W, 47
2026/10/09 23:28:45.245, P2, 1500 MHz, 6801 MHz, 0 %, 47.90 W, 47
2026/10/09 23:28:45.355, P2, 1500 MHz, 6801 MHz, 1 %, 47.82 W, 47
2026/10/09 23:28:45.464, P2, 1500 MHz, 6801 MHz, 1 %, 47.82 W, 47
2026/10/09 23:28:45.573, P2, 1500 MHz, 6801 MHz, 1 %, 47.82 W, 47
2026/10/09 23:28:45.682, P2, 1500 MHz, 6801 MHz, 1 %, 47.82 W, 47
2026/10/09 23:28:45.790, P2, 1500 MHz, 6801 MHz, 1 %, 47.82 W, 47
2026/10/09 23:28:45.897, P2, 1500 MHz, 6801 MHz, 0 %, 47.70 W, 47
2026/10/09 23:28:46.005, P2, 1500 MHz, 6801 MHz, 0 %, 47.70 W, 47
2026/10/09 23:28:46.113, P2, 1500 MHz, 6801 MHz, 0 %, 47.70 W, 47
2026/10/09 23:28:46.223, P2, 1500 MHz, 6801 MHz, 0 %, 47.70 W, 47
2026/10/09 23:28:46.333, P2, 1500 MHz, 6801 MHz, 0 %, 47.70 W, 47
2026/10/09 23:28:46.438, P2, 1500 MHz, 6801 MHz, 0 %, 47.62 W, 47
2026/10/09 23:28:46.548, P2, 1500 MHz, 6801 MHz, 0 %, 47.62 W, 47
2026/10/09 23:28:46.656, P2, 1500 MHz, 6801 MHz, 0 %, 47.62 W, 47
2026/10/09 23:28:46.764, P2, 1500 MHz, 6801 MHz, 0 %, 47.62 W, 47
2026/10/09 23:28:46.871, P2, 1500 MHz, 6801 MHz, 0 %, 47.57 W, 47
2026/10/09 23:28:46.979, P2, 1500 MHz, 6801 MHz, 0 %, 47.57 W, 47
2026/10/09 23:28:47.087, P2, 1500 MHz, 6801 MHz, 0 %, 47.57 W, 47
2026/10/09 23:28:47.194, P2, 1500 MHz, 6801 MHz, 0 %, 47.57 W, 47
2026/10/09 23:28:47.302, P2, 1500 MHz, 6801 MHz, 0 %, 47.57 W, 47
2026/10/09 23:28:47.412, P2, 1500 MHz, 6801 MHz, 100 %, 58.16 W, 51
2026/10/09 23:28:47.519, P2, 1500 MHz, 6801 MHz, 100 %, 58.16 W, 51
2026/10/09 23:28:47.628, P2, 1500 MHz, 6801 MHz, 100 %, 58.16 W, 51
2026/10/09 23:28:47.737, P2, 1500 MHz, 6801 MHz, 100 %, 58.16 W, 51
2026/10/09 23:28:47.846, P2, 1500 MHz, 6801 MHz, 100 %, 58.16 W, 51
2026/10/09 23:28:47.955, P2, 1905 MHz, 6801 MHz, 100 %, 120.46 W, 57
2026/10/09 23:28:48.064, P2, 1905 MHz, 6801 MHz, 100 %, 120.46 W, 57
2026/10/09 23:28:48.172, P2, 1905 MHz, 6801 MHz, 100 %, 120.46 W, 57
2026/10/09 23:28:48.281, P2, 1905 MHz, 6801 MHz, 100 %, 120.46 W, 57
2026/10/09 23:28:48.389, P2, 1905 MHz, 6801 MHz, 1 %, 125.88 W, 50
2026/10/09 23:28:48.497, P2, 1905 MHz, 6801 MHz, 1 %, 125.88 W, 50
2026/10/09 23:28:48.605, P2, 1905 MHz, 6801 MHz, 1 %, 125.88 W, 50
2026/10/09 23:28:48.714, P2, 1905 MHz, 6801 MHz, 1 %, 125.88 W, 50
2026/10/09 23:28:48.821, P2, 1905 MHz, 6801 MHz, 1 %, 125.88 W, 50
2026/10/09 23:28:48.931, P2, 1905 MHz, 6801 MHz, 0 %, 75.71 W, 49
2026/10/09 23:28:49.041, P2, 1905 MHz, 6801 MHz, 0 %, 75.71 W, 49
2026/10/09 23:28:49.151, P2, 1905 MHz, 6801 MHz, 0 %, 75.71 W, 49
2026/10/09 23:28:49.260, P2, 1905 MHz, 6801 MHz, 0 %, 75.71 W, 49
2026/10/09 23:28:49.370, P2, 1905 MHz, 6801 MHz, 0 %, 59.74 W, 49
2026/10/09 23:28:49.480, P2, 1905 MHz, 6801 MHz, 0 %, 59.74 W, 49
2026/10/09 23:28:49.590, P2, 1905 MHz, 6801 MHz, 0 %, 59.74 W, 49
2026/10/09 23:28:49.699, P2, 1905 MHz, 6801 MHz, 0 %, 59.74 W, 49
2026/10/09 23:28:49.808, P2, 1905 MHz, 6801 MHz, 0 %, 59.74 W, 49
2026/10/09 23:28:49.922, P2, 1500 MHz, 6801 MHz, 1 %, 57.68 W, 48
2026/10/09 23:28:50.029, P2, 1500 MHz, 6801 MHz, 1 %, 57.68 W, 48
2026/10/09 23:28:50.133, P2, 1500 MHz, 6801 MHz, 1 %, 57.68 W, 48
2026/10/09 23:28:50.242, P2, 1500 MHz, 6801 MHz, 1 %, 57.68 W, 48
2026/10/09 23:28:50.349, P2, 1500 MHz, 6801 MHz, 1 %, 57.68 W, 48
2026/10/09 23:28:50.459, P2, 1500 MHz, 6801 MHz, 1 %, 52.35 W, 48
2026/10/09 23:28:50.567, P2, 1500 MHz, 6801 MHz, 1 %, 52.35 W, 48
2026/10/09 23:28:50.676, P2, 1500 MHz, 6801 MHz, 1 %, 52.35 W, 48
2026/10/09 23:28:50.785, P2, 1500 MHz, 6801 MHz, 1 %, 52.35 W, 48
2026/10/09 23:28:50.894, P2, 1500 MHz, 6801 MHz, 1 %, 47.92 W, 48
2026/10/09 23:28:51.003, P2, 1500 MHz, 6801 MHz, 1 %, 47.92 W, 48
2026/10/09 23:28:51.111, P2, 1500 MHz, 6801 MHz, 1 %, 47.92 W, 48
2026/10/09 23:28:51.220, P2, 1500 MHz, 6801 MHz, 1 %, 47.92 W, 48
2026/10/09 23:28:51.327, P2, 1500 MHz, 6801 MHz, 1 %, 47.92 W, 48
2026/10/09 23:28:51.437, P2, 1500 MHz, 6801 MHz, 1 %, 47.86 W, 48
2026/10/09 23:28:51.545, P2, 1500 MHz, 6801 MHz, 1 %, 47.86 W, 48
2026/10/09 23:28:51.652, P2, 1500 MHz, 6801 MHz, 1 %, 47.86 W, 48
2026/10/09 23:28:51.762, P2, 1500 MHz, 6801 MHz, 1 %, 47.86 W, 48
2026/10/09 23:28:51.871, P2, 1500 MHz, 6801 MHz, 0 %, 47.72 W, 48
2026/10/09 23:28:51.980, P2, 1500 MHz, 6801 MHz, 0 %, 47.72 W, 48
2026/10/09 23:28:52.088, P2, 1500 MHz, 6801 MHz, 0 %, 47.72 W, 48
2026/10/09 23:28:52.198, P2, 1500 MHz, 6801 MHz, 0 %, 47.72 W, 48
2026/10/09 23:28:52.307, P2, 1500 MHz, 6801 MHz, 0 %, 47.72 W, 48
2026/10/09 23:28:52.415, P2, 1905 MHz, 6801 MHz, 100 %, 73.26 W, 54
2026/10/09 23:28:52.524, P2, 1905 MHz, 6801 MHz, 100 %, 73.26 W, 54
2026/10/09 23:28:52.634, P2, 1905 MHz, 6801 MHz, 100 %, 73.26 W, 54
2026/10/09 23:28:52.742, P2, 1905 MHz, 6801 MHz, 100 %, 73.26 W, 54
2026/10/09 23:28:52.851, P2, 1905 MHz, 6801 MHz, 100 %, 73.26 W, 54
2026/10/09 23:28:52.960, P2, 1905 MHz, 6801 MHz, 7 %, 131.83 W, 56
2026/10/09 23:28:53.069, P2, 1905 MHz, 6801 MHz, 7 %, 131.83 W, 56
2026/10/09 23:28:53.177, P2, 1905 MHz, 6801 MHz, 7 %, 131.83 W, 56
2026/10/09 23:28:53.286, P2, 1905 MHz, 6801 MHz, 7 %, 131.83 W, 56
2026/10/09 23:28:53.394, P2, 1905 MHz, 6801 MHz, 1 %, 124.83 W, 50
2026/10/09 23:28:53.504, P2, 1905 MHz, 6801 MHz, 1 %, 124.83 W, 50
2026/10/09 23:28:53.613, P2, 1905 MHz, 6801 MHz, 1 %, 124.83 W, 50
2026/10/09 23:28:53.720, P2, 1905 MHz, 6801 MHz, 1 %, 124.83 W, 50
2026/10/09 23:28:53.828, P2, 1905 MHz, 6801 MHz, 1 %, 124.83 W, 50
2026/10/09 23:28:53.936, P2, 1905 MHz, 6801 MHz, 0 %, 60.41 W, 50
2026/10/09 23:28:54.045, P2, 1905 MHz, 6801 MHz, 0 %, 60.41 W, 50
2026/10/09 23:28:54.154, P2, 1905 MHz, 6801 MHz, 0 %, 60.41 W, 50
2026/10/09 23:28:54.263, P2, 1905 MHz, 6801 MHz, 0 %, 60.41 W, 50
2026/10/09 23:28:54.371, P2, 1905 MHz, 6801 MHz, 1 %, 60.44 W, 50
2026/10/09 23:28:54.481, P2, 1905 MHz, 6801 MHz, 1 %, 60.44 W, 50
2026/10/09 23:28:54.589, P2, 1905 MHz, 6801 MHz, 1 %, 60.44 W, 50
2026/10/09 23:28:54.699, P2, 1905 MHz, 6801 MHz, 1 %, 60.44 W, 50
2026/10/09 23:28:54.806, P2, 1905 MHz, 6801 MHz, 1 %, 60.44 W, 50
2026/10/09 23:28:54.916, P2, 1500 MHz, 6801 MHz, 1 %, 59.37 W, 49
2026/10/09 23:28:55.025, P2, 1500 MHz, 6801 MHz, 1 %, 59.37 W, 49
2026/10/09 23:28:55.133, P2, 1500 MHz, 6801 MHz, 1 %, 59.37 W, 49
2026/10/09 23:28:55.242, P2, 1500 MHz, 6801 MHz, 1 %, 59.37 W, 49
2026/10/09 23:28:55.350, P2, 1500 MHz, 6801 MHz, 1 %, 59.37 W, 49
2026/10/09 23:28:55.459, P2, 1500 MHz, 6801 MHz, 1 %, 53.75 W, 49
2026/10/09 23:28:55.567, P2, 1500 MHz, 6801 MHz, 1 %, 53.75 W, 49
2026/10/09 23:28:55.677, P2, 1500 MHz, 6801 MHz, 1 %, 53.75 W, 49
2026/10/09 23:28:55.786, P2, 1500 MHz, 6801 MHz, 1 %, 53.75 W, 49
2026/10/09 23:28:55.898, P2, 1500 MHz, 6801 MHz, 0 %, 48.43 W, 49
2026/10/09 23:28:56.004, P2, 1500 MHz, 6801 MHz, 0 %, 48.43 W, 49
2026/10/09 23:28:56.112, P2, 1500 MHz, 6801 MHz, 0 %, 48.43 W, 49
2026/10/09 23:28:56.223, P2, 1500 MHz, 6801 MHz, 0 %, 48.43 W, 49
2026/10/09 23:28:56.334, P2, 1500 MHz, 6801 MHz, 0 %, 48.43 W, 49
2026/10/09 23:28:56.442, P2, 1500 MHz, 6801 MHz, 0 %, 47.89 W, 49
2026/10/09 23:28:56.551, P2, 1500 MHz, 6801 MHz, 0 %, 47.89 W, 49
2026/10/09 23:28:56.662, P2, 1500 MHz, 6801 MHz, 0 %, 47.89 W, 49
2026/10/09 23:28:56.770, P2, 1500 MHz, 6801 MHz, 0 %, 47.89 W, 49
2026/10/09 23:28:56.879, P2, 1500 MHz, 6801 MHz, 1 %, 47.68 W, 49
2026/10/09 23:28:56.987, P2, 1500 MHz, 6801 MHz, 1 %, 47.68 W, 49
2026/10/09 23:28:57.096, P2, 1500 MHz, 6801 MHz, 1 %, 47.68 W, 49
2026/10/09 23:28:57.204, P2, 1500 MHz, 6801 MHz, 1 %, 47.68 W, 49
2026/10/09 23:28:57.313, P2, 1500 MHz, 6801 MHz, 1 %, 47.68 W, 49
2026/10/09 23:28:57.421, P2, 1905 MHz, 6801 MHz, 99 %, 97.26 W, 58
2026/10/09 23:28:57.529, P2, 1905 MHz, 6801 MHz, 99 %, 97.26 W, 58
2026/10/09 23:28:57.635, P2, 1905 MHz, 6801 MHz, 99 %, 97.26 W, 58
2026/10/09 23:28:57.745, P2, 1905 MHz, 6801 MHz, 99 %, 97.26 W, 58
2026/10/09 23:28:57.852, P2, 1905 MHz, 6801 MHz, 99 %, 97.26 W, 58
2026/10/09 23:28:57.961, P2, 1905 MHz, 6801 MHz, 0 %, 139.69 W, 53
2026/10/09 23:28:58.070, P2, 1905 MHz, 6801 MHz, 0 %, 139.69 W, 53
2026/10/09 23:28:58.179, P2, 1905 MHz, 6801 MHz, 0 %, 139.69 W, 53
2026/10/09 23:28:58.286, P2, 1905 MHz, 6801 MHz, 0 %, 139.69 W, 53
2026/10/09 23:28:58.393, P2, 1905 MHz, 6801 MHz, 1 %, 111.31 W, 51
2026/10/09 23:28:58.502, P2, 1905 MHz, 6801 MHz, 1 %, 111.31 W, 51
2026/10/09 23:28:58.610, P2, 1905 MHz, 6801 MHz, 1 %, 111.31 W, 51
2026/10/09 23:28:58.718, P2, 1905 MHz, 6801 MHz, 1 %, 111.31 W, 51
2026/10/09 23:28:58.825, P2, 1905 MHz, 6801 MHz, 1 %, 111.31 W, 51
2026/10/09 23:28:58.933, P2, 1905 MHz, 6801 MHz, 1 %, 61.79 W, 50
2026/10/09 23:28:59.043, P2, 1905 MHz, 6801 MHz, 1 %, 61.79 W, 50
2026/10/09 23:28:59.151, P2, 1905 MHz, 6801 MHz, 1 %, 61.79 W, 50
2026/10/09 23:28:59.260, P2, 1905 MHz, 6801 MHz, 1 %, 61.79 W, 50
2026/10/09 23:28:59.381, P2, 1905 MHz, 6801 MHz, 0 %, 60.22 W, 50
2026/10/09 23:28:59.492, P2, 1905 MHz, 6801 MHz, 0 %, 60.22 W, 50
2026/10/09 23:28:59.602, P2, 1905 MHz, 6801 MHz, 0 %, 60.22 W, 50
2026/10/09 23:28:59.709, P2, 1905 MHz, 6801 MHz, 0 %, 60.22 W, 50
2026/10/09 23:28:59.823, P2, 1905 MHz, 6801 MHz, 0 %, 60.22 W, 50
2026/10/09 23:28:59.957, P2, 1500 MHz, 6801 MHz, 1 %, 56.20 W, 49
2026/10/09 23:29:00.105, P2, 1500 MHz, 6801 MHz, 1 %, 56.20 W, 49
2026/10/09 23:29:00.235, P2, 1500 MHz, 6801 MHz, 1 %, 56.20 W, 49
2026/10/09 23:29:00.364, P2, 1500 MHz, 6801 MHz, 1 %, 51.00 W, 49
2026/10/09 23:29:00.474, P2, 1500 MHz, 6801 MHz, 1 %, 51.00 W, 49
2026/10/09 23:29:00.631, P2, 1500 MHz, 6801 MHz, 1 %, 51.00 W, 49
2026/10/09 23:29:00.751, P2, 1500 MHz, 6801 MHz, 1 %, 51.00 W, 49
2026/10/09 23:29:00.888, P2, 1500 MHz, 6801 MHz, 0 %, 48.79 W, 49
2026/10/09 23:29:00.998, P2, 1500 MHz, 6801 MHz, 0 %, 48.79 W, 49
2026/10/09 23:29:01.123, P2, 1500 MHz, 6801 MHz, 0 %, 48.79 W, 49
2026/10/09 23:29:01.243, P2, 1500 MHz, 6801 MHz, 0 %, 48.79 W, 49
2026/10/09 23:29:01.353, P2, 1500 MHz, 6801 MHz, 0 %, 48.71 W, 49
2026/10/09 23:29:01.459, P2, 1500 MHz, 6801 MHz, 0 %, 48.71 W, 49
2026/10/09 23:29:01.566, P2, 1500 MHz, 6801 MHz, 0 %, 48.71 W, 49
2026/10/09 23:29:01.675, P2, 1500 MHz, 6801 MHz, 0 %, 48.71 W, 49
2026/10/09 23:29:01.784, P2, 1500 MHz, 6801 MHz, 0 %, 48.71 W, 49
2026/10/09 23:29:01.892, P2, 1500 MHz, 6801 MHz, 1 %, 48.63 W, 49
2026/10/09 23:29:02.001, P2, 1500 MHz, 6801 MHz, 1 %, 48.63 W, 49
2026/10/09 23:29:02.111, P2, 1500 MHz, 6801 MHz, 1 %, 48.63 W, 49
2026/10/09 23:29:02.218, P2, 1500 MHz, 6801 MHz, 1 %, 48.63 W, 49
2026/10/09 23:29:02.327, P2, 1500 MHz, 6801 MHz, 1 %, 48.63 W, 49
2026/10/09 23:29:02.450, P2, 1500 MHz, 6801 MHz, 0 %, 48.64 W, 49
2026/10/09 23:29:02.774, P2, 1500 MHz, 6801 MHz, 0 %, 48.64 W, 49
2026/10/09 23:29:02.883, P2, 1905 MHz, 6801 MHz, 100 %, 86.56 W, 57
2026/10/09 23:29:02.990, P2, 1905 MHz, 6801 MHz, 100 %, 86.56 W, 57
2026/10/09 23:29:03.099, P2, 1905 MHz, 6801 MHz, 100 %, 86.56 W, 57
2026/10/09 23:29:03.207, P2, 1905 MHz, 6801 MHz, 100 %, 86.56 W, 57
2026/10/09 23:29:03.316, P2, 1905 MHz, 6801 MHz, 100 %, 86.56 W, 57
2026/10/09 23:29:03.425, P2, 1905 MHz, 6801 MHz, 0 %, 137.08 W, 54
2026/10/09 23:29:03.532, P2, 1905 MHz, 6801 MHz, 0 %, 137.08 W, 54
2026/10/09 23:29:03.643, P2, 1905 MHz, 6801 MHz, 0 %, 137.08 W, 54
2026/10/09 23:29:03.751, P2, 1905 MHz, 6801 MHz, 0 %, 137.08 W, 54
2026/10/09 23:29:03.858, P2, 1905 MHz, 6801 MHz, 0 %, 119.22 W, 51
2026/10/09 23:29:03.967, P2, 1905 MHz, 6801 MHz, 0 %, 119.22 W, 51
2026/10/09 23:29:04.075, P2, 1905 MHz, 6801 MHz, 0 %, 119.22 W, 51
2026/10/09 23:29:04.183, P2, 1905 MHz, 6801 MHz, 0 %, 119.22 W, 51
2026/10/09 23:29:04.288, P2, 1905 MHz, 6801 MHz, 0 %, 119.22 W, 51
2026/10/09 23:29:04.397, P2, 1905 MHz, 6801 MHz, 0 %, 61.30 W, 50
2026/10/09 23:29:04.504, P2, 1905 MHz, 6801 MHz, 0 %, 61.30 W, 50
2026/10/09 23:29:04.611, P2, 1905 MHz, 6801 MHz, 0 %, 61.30 W, 50
2026/10/09 23:29:04.720, P2, 1905 MHz, 6801 MHz, 0 %, 61.30 W, 50
2026/10/09 23:29:04.827, P2, 1905 MHz, 6801 MHz, 0 %, 61.30 W, 50
2026/10/09 23:29:04.937, P2, 1905 MHz, 6801 MHz, 0 %, 60.91 W, 50
2026/10/09 23:29:05.044, P2, 1905 MHz, 6801 MHz, 0 %, 60.91 W, 50
2026/10/09 23:29:05.153, P2, 1905 MHz, 6801 MHz, 0 %, 60.91 W, 50
2026/10/09 23:29:05.264, P2, 1905 MHz, 6801 MHz, 0 %, 60.91 W, 50
2026/10/09 23:29:05.373, P2, 1500 MHz, 6801 MHz, 0 %, 57.54 W, 49
2026/10/09 23:29:05.483, P2, 1500 MHz, 6801 MHz, 0 %, 57.54 W, 49
2026/10/09 23:29:05.592, P2, 1500 MHz, 6801 MHz, 0 %, 57.54 W, 49
2026/10/09 23:29:05.700, P2, 1500 MHz, 6801 MHz, 0 %, 57.54 W, 49
2026/10/09 23:29:05.811, P2, 1500 MHz, 6801 MHz, 0 %, 57.54 W, 49
2026/10/09 23:29:05.917, P2, 1500 MHz, 6801 MHz, 1 %, 52.06 W, 49
2026/10/09 23:29:06.028, P2, 1500 MHz, 6801 MHz, 1 %, 52.06 W, 49
2026/10/09 23:29:06.137, P2, 1500 MHz, 6801 MHz, 1 %, 52.06 W, 49
2026/10/09 23:29:06.244, P2, 1500 MHz, 6801 MHz, 1 %, 52.06 W, 49
2026/10/09 23:29:06.354, P2, 1500 MHz, 6801 MHz, 0 %, 48.72 W, 49
2026/10/09 23:29:06.463, P2, 1500 MHz, 6801 MHz, 0 %, 48.72 W, 49
2026/10/09 23:29:06.572, P2, 1500 MHz, 6801 MHz, 0 %, 48.72 W, 49
2026/10/09 23:29:06.680, P2, 1500 MHz, 6801 MHz, 0 %, 48.72 W, 49
2026/10/09 23:29:06.787, P2, 1500 MHz, 6801 MHz, 0 %, 48.72 W, 49
2026/10/09 23:29:06.897, P2, 1500 MHz, 6801 MHz, 0 %, 48.71 W, 49
2026/10/09 23:29:07.008, P2, 1500 MHz, 6801 MHz, 0 %, 48.71 W, 49
2026/10/09 23:29:07.114, P2, 1500 MHz, 6801 MHz, 0 %, 48.71 W, 49
2026/10/09 23:29:07.221, P2, 1500 MHz, 6801 MHz, 0 %, 48.71 W, 49
2026/10/09 23:29:07.330, P2, 1500 MHz, 6801 MHz, 0 %, 48.71 W, 49
2026/10/09 23:29:07.438, P2, 1500 MHz, 6801 MHz, 99 %, 57.71 W, 52
2026/10/09 23:29:07.546, P2, 1500 MHz, 6801 MHz, 99 %, 57.71 W, 52
2026/10/09 23:29:07.655, P2, 1500 MHz, 6801 MHz, 99 %, 57.71 W, 52
2026/10/09 23:29:07.764, P2, 1500 MHz, 6801 MHz, 99 %, 57.71 W, 52
2026/10/09 23:29:07.872, P2, 1905 MHz, 6801 MHz, 100 %, 121.29 W, 59
2026/10/09 23:29:07.983, P2, 1905 MHz, 6801 MHz, 100 %, 121.29 W, 59
2026/10/09 23:29:08.088, P2, 1905 MHz, 6801 MHz, 100 %, 121.29 W, 59
2026/10/09 23:29:08.196, P2, 1905 MHz, 6801 MHz, 100 %, 121.29 W, 59
2026/10/09 23:29:08.306, P2, 1905 MHz, 6801 MHz, 100 %, 121.29 W, 59
2026/10/09 23:29:08.416, P2, 1905 MHz, 6801 MHz, 0 %, 145.11 W, 52
2026/10/09 23:29:08.523, P2, 1905 MHz, 6801 MHz, 0 %, 145.11 W, 52
2026/10/09 23:29:08.632, P2, 1905 MHz, 6801 MHz, 0 %, 145.11 W, 52
2026/10/09 23:29:08.739, P2, 1905 MHz, 6801 MHz, 0 %, 145.11 W, 52
2026/10/09 23:29:08.847, P2, 1905 MHz, 6801 MHz, 0 %, 145.11 W, 52
2026/10/09 23:29:08.956, P2, 1905 MHz, 6801 MHz, 0 %, 94.37 W, 51
2026/10/09 23:29:09.065, P2, 1905 MHz, 6801 MHz, 0 %, 94.37 W, 51
2026/10/09 23:29:09.175, P2, 1905 MHz, 6801 MHz, 0 %, 94.37 W, 51
2026/10/09 23:29:09.286, P2, 1905 MHz, 6801 MHz, 0 %, 94.37 W, 51
2026/10/09 23:29:09.502, P2, 1905 MHz, 6801 MHz, 1 %, 61.10 W, 50
2026/10/09 23:29:09.612, P2, 1905 MHz, 6801 MHz, 1 %, 61.10 W, 50
2026/10/09 23:29:09.736, P2, 1905 MHz, 6801 MHz, 1 %, 61.10 W, 50
2026/10/09 23:29:09.845, P2, 1905 MHz, 6801 MHz, 1 %, 61.10 W, 50
2026/10/09 23:29:09.970, P2, 1905 MHz, 6801 MHz, 0 %, 60.78 W, 50
2026/10/09 23:29:10.077, P2, 1905 MHz, 6801 MHz, 0 %, 60.78 W, 50
2026/10/09 23:29:10.202, P2, 1905 MHz, 6801 MHz, 0 %, 60.78 W, 50
2026/10/09 23:29:10.312, P2, 1905 MHz, 6801 MHz, 0 %, 60.78 W, 50
2026/10/09 23:29:10.439, P2, 1500 MHz, 6801 MHz, 1 %, 55.37 W, 49
2026/10/09 23:29:10.547, P2, 1500 MHz, 6801 MHz, 1 %, 55.37 W, 49
2026/10/09 23:29:10.656, P2, 1500 MHz, 6801 MHz, 1 %, 55.37 W, 49
2026/10/09 23:29:10.766, P2, 1500 MHz, 6801 MHz, 1 %, 55.37 W, 49
2026/10/09 23:29:10.887, P2, 1500 MHz, 6801 MHz, 10 %, 51.25 W, 50
2026/10/09 23:29:10.996, P2, 1500 MHz, 6801 MHz, 10 %, 51.25 W, 50
2026/10/09 23:29:11.105, P2, 1500 MHz, 6801 MHz, 10 %, 51.25 W, 50
2026/10/09 23:29:11.228, P2, 1500 MHz, 6801 MHz, 10 %, 51.25 W, 50
2026/10/09 23:29:11.336, P2, 1500 MHz, 6801 MHz, 10 %, 51.25 W, 50
2026/10/09 23:29:11.446, P2, 1500 MHz, 6801 MHz, 11 %, 51.86 W, 49
2026/10/09 23:29:11.600, P2, 1500 MHz, 6801 MHz, 11 %, 51.86 W, 49
2026/10/09 23:29:11.726, P2, 1500 MHz, 6801 MHz, 11 %, 51.86 W, 49
2026/10/09 23:29:11.834, P2, 1500 MHz, 6801 MHz, 11 %, 51.86 W, 49
2026/10/09 23:29:11.989, P2, 1500 MHz, 6801 MHz, 7 %, 53.83 W, 49
2026/10/09 23:29:12.129, P2, 1500 MHz, 6801 MHz, 7 %, 53.83 W, 49
2026/10/09 23:29:12.283, P2, 1500 MHz, 6801 MHz, 7 %, 53.83 W, 49
2026/10/09 23:29:12.439, P2, 1500 MHz, 6801 MHz, 10 %, 54.88 W, 49
2026/10/09 23:29:12.549, P2, 1500 MHz, 6801 MHz, 10 %, 54.88 W, 49
2026/10/09 23:29:12.687, P2, 1500 MHz, 6801 MHz, 10 %, 54.88 W, 49
2026/10/09 23:29:12.860, P2, 1500 MHz, 6801 MHz, 10 %, 54.96 W, 49
2026/10/09 23:29:12.968, P2, 1500 MHz, 6801 MHz, 10 %, 54.96 W, 49
2026/10/09 23:29:13.094, P2, 1500 MHz, 6801 MHz, 10 %, 54.96 W, 49
2026/10/09 23:29:13.202, P2, 1500 MHz, 6801 MHz, 10 %, 54.96 W, 49
2026/10/09 23:29:13.310, P2, 1500 MHz, 6801 MHz, 10 %, 54.96 W, 49
2026/10/09 23:29:13.434, P2, 1500 MHz, 6801 MHz, 11 %, 55.35 W, 49
2026/10/09 23:29:13.542, P2, 1500 MHz, 6801 MHz, 11 %, 55.35 W, 49
2026/10/09 23:29:13.650, P2, 1500 MHz, 6801 MHz, 11 %, 55.35 W, 49
2026/10/09 23:29:13.773, P2, 1500 MHz, 6801 MHz, 11 %, 55.35 W, 49
2026/10/09 23:29:13.882, P2, 1500 MHz, 6801 MHz, 12 %, 55.19 W, 49
2026/10/09 23:29:13.987, P2, 1500 MHz, 6801 MHz, 12 %, 55.19 W, 49
2026/10/09 23:29:14.095, P2, 1500 MHz, 6801 MHz, 12 %, 55.19 W, 49
2026/10/09 23:29:14.218, P2, 1500 MHz, 6801 MHz, 12 %, 55.19 W, 49
2026/10/09 23:29:14.328, P2, 1500 MHz, 6801 MHz, 12 %, 55.19 W, 49
2026/10/09 23:29:14.437, P2, 1500 MHz, 6801 MHz, 13 %, 55.19 W, 49
2026/10/09 23:29:14.547, P2, 1500 MHz, 6801 MHz, 13 %, 55.19 W, 49
2026/10/09 23:29:14.658, P2, 1500 MHz, 6801 MHz, 13 %, 55.19 W, 49
2026/10/09 23:29:14.766, P2, 1500 MHz, 6801 MHz, 13 %, 55.19 W, 49
2026/10/09 23:29:14.921, P2, 1500 MHz, 6801 MHz, 7 %, 54.82 W, 49
2026/10/09 23:29:15.201, P2, 1500 MHz, 6801 MHz, 7 %, 54.82 W, 49
2026/10/09 23:29:15.309, P2, 1500 MHz, 6801 MHz, 7 %, 54.82 W, 49
2026/10/09 23:29:15.418, P2, 1500 MHz, 6801 MHz, 1 %, 53.63 W, 49
2026/10/09 23:29:15.606, P2, 1500 MHz, 6801 MHz, 1 %, 53.63 W, 49
2026/10/09 23:29:15.729, P2, 1500 MHz, 6801 MHz, 1 %, 53.63 W, 49
2026/10/09 23:29:15.855, P2, 1500 MHz, 6801 MHz, 6 %, 52.60 W, 49
2026/10/09 23:29:15.964, P2, 1500 MHz, 6801 MHz, 6 %, 52.60 W, 49
2026/10/09 23:29:16.105, P2, 1500 MHz, 6801 MHz, 6 %, 52.60 W, 49
2026/10/09 23:29:16.215, P2, 1500 MHz, 6801 MHz, 6 %, 52.60 W, 49
2026/10/09 23:29:16.339, P2, 1500 MHz, 6801 MHz, 6 %, 52.60 W, 49
2026/10/09 23:29:16.478, P2, 1500 MHz, 6801 MHz, 8 %, 53.15 W, 49
2026/10/09 23:29:16.587, P2, 1500 MHz, 6801 MHz, 8 %, 53.15 W, 49
2026/10/09 23:29:16.775, P2, 1500 MHz, 6801 MHz, 8 %, 53.15 W, 49
2026/10/09 23:29:16.930, P2, 1500 MHz, 6801 MHz, 12 %, 54.50 W, 49
2026/10/09 23:29:17.039, P2, 1500 MHz, 6801 MHz, 12 %, 54.50 W, 49
2026/10/09 23:29:17.150, P2, 1500 MHz, 6801 MHz, 12 %, 54.50 W, 49
2026/10/09 23:29:17.259, P2, 1500 MHz, 6801 MHz, 12 %, 54.50 W, 49
2026/10/09 23:29:17.367, P2, 1500 MHz, 6801 MHz, 8 %, 54.73 W, 49
2026/10/09 23:29:17.476, P2, 1500 MHz, 6801 MHz, 8 %, 54.73 W, 49
2026/10/09 23:29:17.586, P2, 1500 MHz, 6801 MHz, 8 %, 54.73 W, 49
2026/10/09 23:29:17.694, P2, 1500 MHz, 6801 MHz, 8 %, 54.73 W, 49
2026/10/09 23:29:17.802, P2, 1500 MHz, 6801 MHz, 8 %, 54.73 W, 49
2026/10/09 23:29:17.911, P2, 1500 MHz, 6801 MHz, 11 %, 55.29 W, 49
2026/10/09 23:29:18.019, P2, 1500 MHz, 6801 MHz, 11 %, 55.29 W, 49
2026/10/09 23:29:18.131, P2, 1500 MHz, 6801 MHz, 11 %, 55.29 W, 49
2026/10/09 23:29:18.241, P2, 1500 MHz, 6801 MHz, 11 %, 55.29 W, 49
2026/10/09 23:29:18.351, P2, 1500 MHz, 6801 MHz, 11 %, 55.29 W, 49
2026/10/09 23:29:18.458, P2, 1500 MHz, 6801 MHz, 11 %, 55.17 W, 49
2026/10/09 23:29:18.569, P2, 1500 MHz, 6801 MHz, 11 %, 55.17 W, 49
2026/10/09 23:29:18.677, P2, 1500 MHz, 6801 MHz, 11 %, 55.17 W, 49
2026/10/09 23:29:18.787, P2, 1500 MHz, 6801 MHz, 11 %, 55.17 W, 49
2026/10/09 23:29:18.895, P2, 1500 MHz, 6801 MHz, 10 %, 55.21 W, 49
2026/10/09 23:29:19.002, P2, 1500 MHz, 6801 MHz, 10 %, 55.21 W, 49
2026/10/09 23:29:19.130, P2, 1500 MHz, 6801 MHz, 10 %, 55.21 W, 49
2026/10/09 23:29:19.235, P2, 1500 MHz, 6801 MHz, 10 %, 55.21 W, 49
2026/10/09 23:29:19.343, P2, 1500 MHz, 6801 MHz, 10 %, 55.21 W, 49
2026/10/09 23:29:19.452, P2, 1500 MHz, 6801 MHz, 10 %, 54.86 W, 49
2026/10/09 23:29:19.561, P2, 1500 MHz, 6801 MHz, 10 %, 54.86 W, 49
2026/10/09 23:29:19.671, P2, 1500 MHz, 6801 MHz, 10 %, 54.86 W, 49
2026/10/09 23:29:19.779, P2, 1500 MHz, 6801 MHz, 10 %, 54.86 W, 49
2026/10/09 23:29:19.888, P2, 1500 MHz, 6801 MHz, 2 %, 52.80 W, 49
2026/10/09 23:29:19.995, P2, 1500 MHz, 6801 MHz, 2 %, 52.80 W, 49
2026/10/09 23:29:20.106, P2, 1500 MHz, 6801 MHz, 2 %, 52.80 W, 49
2026/10/09 23:29:20.216, P2, 1500 MHz, 6801 MHz, 2 %, 52.80 W, 49
2026/10/09 23:29:20.325, P2, 1500 MHz, 6801 MHz, 2 %, 52.80 W, 49
2026/10/09 23:29:20.434, P2, 1500 MHz, 6801 MHz, 2 %, 50.32 W, 48
2026/10/09 23:29:20.541, P2, 1500 MHz, 6801 MHz, 2 %, 50.32 W, 48
2026/10/09 23:29:20.651, P2, 1500 MHz, 6801 MHz, 2 %, 50.32 W, 48
2026/10/09 23:29:20.763, P2, 1500 MHz, 6801 MHz, 2 %, 50.32 W, 48
2026/10/09 23:29:20.872, P2, 1500 MHz, 6801 MHz, 1 %, 48.40 W, 48
2026/10/09 23:29:20.981, P2, 1500 MHz, 6801 MHz, 1 %, 48.40 W, 48
2026/10/09 23:29:21.089, P2, 1500 MHz, 6801 MHz, 1 %, 48.40 W, 48
2026/10/09 23:29:21.197, P2, 1500 MHz, 6801 MHz, 1 %, 48.40 W, 48
2026/10/09 23:29:21.307, P2, 1500 MHz, 6801 MHz, 1 %, 48.40 W, 48
2026/10/09 23:29:21.416, P2, 1500 MHz, 6801 MHz, 1 %, 48.41 W, 48
2026/10/09 23:29:21.525, P2, 1500 MHz, 6801 MHz, 1 %, 48.41 W, 48
2026/10/09 23:29:21.633, P2, 1500 MHz, 6801 MHz, 1 %, 48.41 W, 48
2026/10/09 23:29:21.744, P2, 1500 MHz, 6801 MHz, 1 %, 48.41 W, 48
2026/10/09 23:29:21.855, P2, 1500 MHz, 6801 MHz, 1 %, 48.49 W, 48
2026/10/09 23:29:21.964, P2, 1500 MHz, 6801 MHz, 1 %, 48.49 W, 48
2026/10/09 23:29:22.071, P2, 1500 MHz, 6801 MHz, 1 %, 48.49 W, 48
2026/10/09 23:29:22.178, P2, 1500 MHz, 6801 MHz, 1 %, 48.49 W, 48
2026/10/09 23:29:22.288, P2, 1500 MHz, 6801 MHz, 1 %, 48.49 W, 48
2026/10/09 23:29:22.397, P2, 1500 MHz, 6801 MHz, 1 %, 48.46 W, 48
2026/10/09 23:29:22.507, P2, 1500 MHz, 6801 MHz, 1 %, 48.46 W, 48
2026/10/09 23:29:22.614, P2, 1500 MHz, 6801 MHz, 1 %, 48.46 W, 48
2026/10/09 23:29:22.722, P2, 1500 MHz, 6801 MHz, 1 %, 48.46 W, 48
2026/10/09 23:29:22.834, P2, 1500 MHz, 6801 MHz, 1 %, 48.46 W, 48
2026/10/09 23:29:22.941, P2, 1500 MHz, 6801 MHz, 1 %, 48.39 W, 48
2026/10/09 23:29:23.063, P2, 1500 MHz, 6801 MHz, 1 %, 48.39 W, 48
2026/10/09 23:29:23.173, P2, 1500 MHz, 6801 MHz, 1 %, 48.39 W, 48
2026/10/09 23:29:23.281, P2, 1500 MHz, 6801 MHz, 1 %, 48.39 W, 48
2026/10/09 23:29:23.390, P2, 1500 MHz, 6801 MHz, 2 %, 48.42 W, 48
2026/10/09 23:29:23.498, P2, 1500 MHz, 6801 MHz, 2 %, 48.42 W, 48
2026/10/09 23:29:23.607, P2, 1500 MHz, 6801 MHz, 2 %, 48.42 W, 48
2026/10/09 23:29:23.716, P2, 1500 MHz, 6801 MHz, 2 %, 48.42 W, 48
2026/10/09 23:29:23.826, P2, 1500 MHz, 6801 MHz, 2 %, 48.42 W, 48
2026/10/09 23:29:23.934, P2, 1500 MHz, 6801 MHz, 0 %, 48.37 W, 48
2026/10/09 23:29:24.044, P2, 1500 MHz, 6801 MHz, 0 %, 48.37 W, 48
2026/10/09 23:29:24.153, P2, 1500 MHz, 6801 MHz, 0 %, 48.37 W, 48
2026/10/09 23:29:24.261, P2, 1500 MHz, 6801 MHz, 0 %, 48.37 W, 48
2026/10/09 23:29:24.370, P2, 1500 MHz, 6801 MHz, 2 %, 48.31 W, 48
2026/10/09 23:29:24.479, P2, 1500 MHz, 6801 MHz, 2 %, 48.31 W, 48
2026/10/09 23:29:24.587, P2, 1500 MHz, 6801 MHz, 2 %, 48.31 W, 48
2026/10/09 23:29:24.696, P2, 1500 MHz, 6801 MHz, 2 %, 48.31 W, 48
2026/10/09 23:29:24.805, P2, 1500 MHz, 6801 MHz, 2 %, 48.31 W, 48
2026/10/09 23:29:24.914, P2, 1500 MHz, 6801 MHz, 1 %, 48.26 W, 48
2026/10/09 23:29:25.024, P2, 1500 MHz, 6801 MHz, 1 %, 48.26 W, 48
2026/10/09 23:29:25.134, P2, 1500 MHz, 6801 MHz, 1 %, 48.26 W, 48
2026/10/09 23:29:25.241, P2, 1500 MHz, 6801 MHz, 1 %, 48.26 W, 48
2026/10/09 23:29:25.351, P2, 1500 MHz, 6801 MHz, 1 %, 48.26 W, 48
2026/10/09 23:29:25.458, P2, 1500 MHz, 6801 MHz, 3 %, 48.27 W, 48
2026/10/09 23:29:25.568, P2, 1500 MHz, 6801 MHz, 3 %, 48.27 W, 48
2026/10/09 23:29:25.677, P2, 1500 MHz, 6801 MHz, 3 %, 48.27 W, 48
2026/10/09 23:29:25.787, P2, 1500 MHz, 6801 MHz, 3 %, 48.27 W, 48
2026/10/09 23:29:25.898, P2, 1500 MHz, 6801 MHz, 2 %, 48.30 W, 48
2026/10/09 23:29:26.008, P2, 1500 MHz, 6801 MHz, 2 %, 48.30 W, 48
2026/10/09 23:29:26.117, P2, 1500 MHz, 6801 MHz, 2 %, 48.30 W, 48
2026/10/09 23:29:26.225, P2, 1500 MHz, 6801 MHz, 2 %, 48.30 W, 48
2026/10/09 23:29:26.334, P2, 1500 MHz, 6801 MHz, 2 %, 48.30 W, 48
2026/10/09 23:29:26.443, P2, 1500 MHz, 6801 MHz, 2 %, 48.36 W, 48
2026/10/09 23:29:26.551, P2, 1500 MHz, 6801 MHz, 2 %, 48.36 W, 48
2026/10/09 23:29:26.658, P2, 1500 MHz, 6801 MHz, 2 %, 48.36 W, 48
2026/10/09 23:29:26.765, P2, 1500 MHz, 6801 MHz, 2 %, 48.36 W, 48
2026/10/09 23:29:26.873, P2, 1500 MHz, 6801 MHz, 1 %, 48.33 W, 48
2026/10/09 23:29:27.065, P2, 1500 MHz, 6801 MHz, 1 %, 48.33 W, 48
2026/10/09 23:29:27.181, P2, 1500 MHz, 6801 MHz, 1 %, 48.33 W, 48
2026/10/09 23:29:27.291, P2, 1500 MHz, 6801 MHz, 1 %, 48.33 W, 48
2026/10/09 23:29:27.401, P2, 1500 MHz, 6801 MHz, 1 %, 48.28 W, 48
2026/10/09 23:29:27.509, P2, 1500 MHz, 6801 MHz, 1 %, 48.28 W, 48
2026/10/09 23:29:27.618, P2, 1500 MHz, 6801 MHz, 1 %, 48.28 W, 48
2026/10/09 23:29:27.727, P2, 1500 MHz, 6801 MHz, 1 %, 48.28 W, 48
2026/10/09 23:29:27.836, P2, 1500 MHz, 6801 MHz, 1 %, 48.28 W, 48
2026/10/09 23:29:27.945, P2, 1500 MHz, 6801 MHz, 1 %, 48.23 W, 48
2026/10/09 23:29:28.053, P2, 1500 MHz, 6801 MHz, 1 %, 48.23 W, 48
2026/10/09 23:29:28.163, P2, 1500 MHz, 6801 MHz, 1 %, 48.23 W, 48
2026/10/09 23:29:28.272, P2, 1500 MHz, 6801 MHz, 1 %, 48.23 W, 48
2026/10/09 23:29:28.380, P2, 1500 MHz, 6801 MHz, 1 %, 48.30 W, 48
2026/10/09 23:29:28.488, P2, 1500 MHz, 6801 MHz, 1 %, 48.30 W, 48
2026/10/09 23:29:28.597, P2, 1500 MHz, 6801 MHz, 1 %, 48.30 W, 48
2026/10/09 23:29:28.706, P2, 1500 MHz, 6801 MHz, 1 %, 48.30 W, 48
2026/10/09 23:29:28.814, P2, 1500 MHz, 6801 MHz, 1 %, 48.30 W, 48
2026/10/09 23:29:28.925, P2, 1500 MHz, 6801 MHz, 1 %, 48.36 W, 48
2026/10/09 23:29:29.032, P2, 1500 MHz, 6801 MHz, 1 %, 48.36 W, 48
2026/10/09 23:29:29.140, P2, 1500 MHz, 6801 MHz, 1 %, 48.36 W, 48
2026/10/09 23:29:29.251, P2, 1500 MHz, 6801 MHz, 1 %, 48.36 W, 48
2026/10/09 23:29:29.359, P2, 1500 MHz, 6801 MHz, 0 %, 48.33 W, 48
2026/10/09 23:29:29.470, P2, 1500 MHz, 6801 MHz, 0 %, 48.33 W, 48
2026/10/09 23:29:29.579, P2, 1500 MHz, 6801 MHz, 0 %, 48.33 W, 48
