2026/10/09 23:14:44.507, P0, 1350 MHz, 7000 MHz, 0 %, 66.20 W
2026/10/09 23:14:44.614, P0, 1350 MHz, 7000 MHz, 0 %, 67.63 W
2026/10/09 23:14:44.719, P0, 1350 MHz, 7000 MHz, 0 %, 65.23 W
2026/10/09 23:14:44.825, P0, 1350 MHz, 7000 MHz, 0 %, 65.32 W
2026/10/09 23:14:44.930, P0, 1350 MHz, 7000 MHz, 0 %, 65.09 W
2026/10/09 23:14:45.034, P0, 1350 MHz, 7000 MHz, 0 %, 65.13 W
2026/10/09 23:14:45.139, P0, 1350 MHz, 7000 MHz, 0 %, 64.77 W
2026/10/09 23:14:45.245, P0, 1350 MHz, 7000 MHz, 1 %, 65.11 W
2026/10/09 23:14:45.350, P0, 1350 MHz, 7000 MHz, 1 %, 64.89 W
2026/10/09 23:14:45.455, P0, 1350 MHz, 7000 MHz, 1 %, 64.93 W
2026/10/09 23:14:45.559, P0, 1350 MHz, 7000 MHz, 1 %, 65.00 W
2026/10/09 23:14:45.665, P0, 1350 MHz, 7000 MHz, 1 %, 65.26 W
2026/10/09 23:14:45.770, P0, 1350 MHz, 7000 MHz, 1 %, 65.13 W
2026/10/09 23:14:45.875, P0, 1350 MHz, 7000 MHz, 1 %, 65.18 W
2026/10/09 23:14:45.979, P0, 1350 MHz, 7000 MHz, 1 %, 65.19 W
2026/10/09 23:14:46.084, P0, 1350 MHz, 7000 MHz, 1 %, 65.09 W
2026/10/09 23:14:46.190, P0, 1350 MHz, 7000 MHz, 1 %, 65.11 W
2026/10/09 23:14:46.294, P0, 1350 MHz, 7000 MHz, 0 %, 65.17 W
2026/10/09 23:14:46.399, P0, 1350 MHz, 7000 MHz, 0 %, 65.08 W
2026/10/09 23:14:46.504, P0, 1350 MHz, 7000 MHz, 0 %, 65.11 W
2026/10/09 23:14:46.610, P0, 1350 MHz, 7000 MHz, 0 %, 65.18 W
2026/10/09 23:14:46.714, P0, 1350 MHz, 7000 MHz, 0 %, 65.12 W
2026/10/09 23:14:46.819, P0, 1350 MHz, 7000 MHz, 0 %, 65.10 W
2026/10/09 23:14:46.924, P0, 1350 MHz, 7000 MHz, 0 %, 65.28 W
2026/10/09 23:14:47.030, P0, 1350 MHz, 7000 MHz, 0 %, 65.11 W
2026/10/09 23:14:47.135, P0, 1350 MHz, 7000 MHz, 0 %, 65.05 W
2026/10/09 23:14:47.239, P0, 1350 MHz, 7000 MHz, 0 %, 65.09 W
2026/10/09 23:14:47.344, P0, 1350 MHz, 7000 MHz, 0 %, 65.34 W
2026/10/09 23:14:47.448, P0, 1350 MHz, 7000 MHz, 0 %, 64.82 W
2026/10/09 23:14:47.554, P0, 1350 MHz, 7000 MHz, 0 %, 65.34 W
2026/10/09 23:14:47.659, P0, 1350 MHz, 7000 MHz, 0 %, 65.17 W
2026/10/09 23:14:47.763, P0, 1350 MHz, 7000 MHz, 0 %, 65.31 W
2026/10/09 23:14:47.868, P0, 1350 MHz, 7000 MHz, 0 %, 65.20 W
2026/10/09 23:14:47.975, P0, 1350 MHz, 7000 MHz, 0 %, 65.14 W
2026/10/09 23:14:48.080, P0, 1350 MHz, 7000 MHz, 0 %, 65.14 W
2026/10/09 23:14:48.184, P0, 1350 MHz, 7000 MHz, 0 %, 65.09 W
2026/10/09 23:14:48.289, P0, 1350 MHz, 7000 MHz, 0 %, 65.20 W
2026/10/09 23:14:48.395, P0, 1350 MHz, 7000 MHz, 0 %, 65.22 W
2026/10/09 23:14:48.500, P0, 1350 MHz, 7000 MHz, 0 %, 64.94 W
2026/10/09 23:14:48.604, P0, 1350 MHz, 7000 MHz, 0 %, 65.20 W
2026/10/09 23:14:48.709, P0, 1350 MHz, 7000 MHz, 0 %, 65.17 W
2026/10/09 23:14:48.813, P0, 1350 MHz, 7000 MHz, 0 %, 65.07 W
2026/10/09 23:14:48.920, P0, 1350 MHz, 7000 MHz, 0 %, 65.31 W
2026/10/09 23:14:49.024, P0, 1350 MHz, 7000 MHz, 0 %, 65.21 W
2026/10/09 23:14:49.129, P0, 1350 MHz, 7000 MHz, 0 %, 65.27 W
2026/10/09 23:14:49.234, P0, 1350 MHz, 7000 MHz, 0 %, 65.34 W
2026/10/09 23:14:49.339, P0, 1350 MHz, 7000 MHz, 0 %, 65.31 W
2026/10/09 23:14:49.444, P0, 1350 MHz, 7000 MHz, 0 %, 65.32 W
2026/10/09 23:14:49.549, P0, 1350 MHz, 7000 MHz, 0 %, 65.24 W
2026/10/09 23:14:49.653, P0, 1350 MHz, 7000 MHz, 0 %, 65.21 W
2026/10/09 23:14:49.758, P0, 1350 MHz, 7000 MHz, 0 %, 65.18 W
2026/10/09 23:14:49.864, P0, 1350 MHz, 7000 MHz, 0 %, 65.36 W
2026/10/09 23:14:49.968, P0, 1350 MHz, 7000 MHz, 0 %, 65.54 W
2026/10/09 23:14:50.073, P0, 1350 MHz, 7000 MHz, 0 %, 65.49 W
2026/10/09 23:14:50.178, P0, 1350 MHz, 7000 MHz, 0 %, 65.31 W
2026/10/09 23:14:50.285, P0, 1350 MHz, 7000 MHz, 0 %, 65.54 W
2026/10/09 23:14:50.390, P0, 1350 MHz, 7000 MHz, 0 %, 65.62 W
2026/10/09 23:14:50.494, P0, 1350 MHz, 7000 MHz, 0 %, 65.44 W
2026/10/09 23:14:50.599, P0, 1350 MHz, 7000 MHz, 0 %, 65.39 W
2026/10/09 23:14:50.704, P0, 1350 MHz, 7000 MHz, 0 %, 65.42 W
2026/10/09 23:14:50.809, P0, 1350 MHz, 7000 MHz, 0 %, 65.35 W
2026/10/09 23:14:50.914, P0, 1350 MHz, 7000 MHz, 0 %, 65.24 W
2026/10/09 23:14:51.018, P0, 1350 MHz, 7000 MHz, 0 %, 65.20 W
2026/10/09 23:14:51.122, P0, 1350 MHz, 7000 MHz, 0 %, 65.39 W
2026/10/09 23:14:51.229, P0, 1350 MHz, 7000 MHz, 0 %, 65.36 W
2026/10/09 23:14:51.333, P0, 1350 MHz, 7000 MHz, 0 %, 65.32 W
2026/10/09 23:14:51.438, P0, 1350 MHz, 7000 MHz, 0 %, 65.28 W
2026/10/09 23:14:51.543, P0, 1350 MHz, 7000 MHz, 0 %, 65.42 W
2026/10/09 23:14:51.649, P0, 1350 MHz, 7000 MHz, 0 %, 65.45 W
2026/10/09 23:14:51.753, P0, 1350 MHz, 7000 MHz, 0 %, 65.31 W
2026/10/09 23:14:51.858, P0, 1350 MHz, 7000 MHz, 0 %, 65.24 W
2026/10/09 23:14:51.962, P0, 1350 MHz, 7000 MHz, 0 %, 64.94 W
2026/10/09 23:14:52.069, P0, 1350 MHz, 7000 MHz, 0 %, 65.41 W
2026/10/09 23:14:52.174, P0, 1350 MHz, 7000 MHz, 0 %, 65.22 W
2026/10/09 23:14:52.279, P0, 1350 MHz, 7000 MHz, 0 %, 65.13 W
2026/10/09 23:14:52.383, P0, 1350 MHz, 7000 MHz, 0 %, 65.22 W
2026/10/09 23:14:52.488, P0, 1350 MHz, 7000 MHz, 0 %, 65.18 W
2026/10/09 23:14:52.594, P0, 1350 MHz, 7000 MHz, 0 %, 65.36 W
2026/10/09 23:14:52.699, P0, 1350 MHz, 7000 MHz, 0 %, 65.16 W
2026/10/09 23:14:52.804, P0, 1350 MHz, 7000 MHz, 0 %, 65.23 W
2026/10/09 23:14:52.908, P0, 1350 MHz, 7000 MHz, 0 %, 65.29 W
2026/10/09 23:14:53.017, P0, 1350 MHz, 7000 MHz, 0 %, 68.07 W
2026/10/09 23:14:53.123, P2, 1350 MHz, 6800 MHz, 0 %, 68.71 W
2026/10/09 23:14:53.228, P2, 1350 MHz, 6800 MHz, 0 %, 66.15 W
2026/10/09 23:14:53.332, P2, 1350 MHz, 6800 MHz, 2 %, 64.82 W
2026/10/09 23:14:53.438, P2, 1350 MHz, 6800 MHz, 2 %, 66.08 W
2026/10/09 23:14:53.543, P2, 1740 MHz, 6800 MHz, 2 %, 64.98 W
2026/10/09 23:14:53.647, P2, 1740 MHz, 6800 MHz, 2 %, 73.64 W
2026/10/09 23:14:53.750, P2, 1740 MHz, 6800 MHz, 2 %, 74.71 W
2026/10/09 23:14:53.855, P2, 1740 MHz, 6800 MHz, 2 %, 74.88 W
2026/10/09 23:14:53.961, P2, 1740 MHz, 6800 MHz, 2 %, 75.14 W
2026/10/09 23:14:54.065, P2, 1740 MHz, 6800 MHz, 2 %, 74.68 W
2026/10/09 23:14:54.169, P2, 1740 MHz, 6800 MHz, 2 %, 74.60 W
2026/10/09 23:14:54.273, P2, 1740 MHz, 6800 MHz, 2 %, 74.34 W
2026/10/09 23:14:54.377, P2, 1740 MHz, 6800 MHz, 13 %, 74.49 W
2026/10/09 23:14:54.482, P2, 1740 MHz, 6800 MHz, 13 %, 74.66 W
2026/10/09 23:14:54.587, P2, 1740 MHz, 6800 MHz, 13 %, 74.59 W
2026/10/09 23:14:54.691, P2, 1740 MHz, 6800 MHz, 13 %, 74.50 W
2026/10/09 23:14:54.795, P2, 1740 MHz, 6800 MHz, 13 %, 74.64 W
2026/10/09 23:14:54.899, P2, 1740 MHz, 6800 MHz, 13 %, 74.66 W
2026/10/09 23:14:55.004, P2, 1740 MHz, 6800 MHz, 13 %, 74.74 W
2026/10/09 23:14:55.108, P2, 1740 MHz, 6800 MHz, 13 %, 74.89 W
2026/10/09 23:14:55.212, P2, 1740 MHz, 6800 MHz, 13 %, 74.70 W
2026/10/09 23:14:55.316, P2, 1350 MHz, 6800 MHz, 2 %, 74.69 W
2026/10/09 23:14:55.420, P2, 1350 MHz, 6800 MHz, 2 %, 65.94 W
2026/10/09 23:14:55.526, P2, 1350 MHz, 6800 MHz, 2 %, 65.04 W
2026/10/09 23:14:55.631, P2, 1350 MHz, 6800 MHz, 2 %, 64.89 W
2026/10/09 23:14:55.735, P2, 1350 MHz, 6800 MHz, 2 %, 64.98 W
2026/10/09 23:14:55.840, P2, 1350 MHz, 6800 MHz, 2 %, 64.85 W
2026/10/09 23:14:55.944, P2, 1350 MHz, 6800 MHz, 2 %, 64.77 W
2026/10/09 23:14:56.049, P2, 1350 MHz, 6800 MHz, 2 %, 64.75 W
2026/10/09 23:14:56.153, P2, 1350 MHz, 6800 MHz, 2 %, 64.72 W
2026/10/09 23:14:56.258, P2, 1350 MHz, 6800 MHz, 2 %, 64.89 W
2026/10/09 23:14:56.362, P2, 1350 MHz, 6800 MHz, 0 %, 64.77 W
2026/10/09 23:14:56.467, P2, 1350 MHz, 6800 MHz, 0 %, 64.62 W
2026/10/09 23:14:56.573, P2, 1350 MHz, 6800 MHz, 0 %, 64.78 W
2026/10/09 23:14:56.677, P2, 1350 MHz, 6800 MHz, 0 %, 64.89 W
2026/10/09 23:14:56.782, P2, 1350 MHz, 6800 MHz, 0 %, 64.87 W
2026/10/09 23:14:56.886, P2, 1350 MHz, 6800 MHz, 0 %, 64.72 W
2026/10/09 23:14:56.990, P2, 1350 MHz, 6800 MHz, 0 %, 65.03 W
2026/10/09 23:14:57.096, P2, 1350 MHz, 6800 MHz, 0 %, 64.98 W
2026/10/09 23:14:57.200, P2, 1350 MHz, 6800 MHz, 0 %, 64.85 W
2026/10/09 23:14:57.305, P2, 1350 MHz, 6800 MHz, 0 %, 64.89 W
2026/10/09 23:14:57.409, P2, 1350 MHz, 6800 MHz, 0 %, 64.98 W
2026/10/09 23:14:57.515, P2, 1350 MHz, 6800 MHz, 0 %, 65.09 W
2026/10/09 23:14:57.620, P2, 1350 MHz, 6800 MHz, 0 %, 65.01 W
2026/10/09 23:14:57.749, P2, 1350 MHz, 6800 MHz, 0 %, 65.82 W
2026/10/09 23:14:57.854, P2, 1350 MHz, 6800 MHz, 0 %, 65.10 W
2026/10/09 23:14:57.960, P2, 1350 MHz, 6800 MHz, 0 %, 65.10 W
2026/10/09 23:14:58.064, P2, 1350 MHz, 6800 MHz, 0 %, 65.06 W
2026/10/09 23:14:58.169, P2, 1350 MHz, 6800 MHz, 0 %, 65.14 W
2026/10/09 23:14:58.273, P2, 1350 MHz, 6800 MHz, 0 %, 65.03 W
2026/10/09 23:14:58.379, P2, 1350 MHz, 6800 MHz, 2 %, 65.11 W
2026/10/09 23:14:58.483, P2, 1350 MHz, 6800 MHz, 2 %, 64.99 W
2026/10/09 23:14:58.587, P2, 1350 MHz, 6800 MHz, 2 %, 65.14 W
2026/10/09 23:14:58.692, P2, 1350 MHz, 6800 MHz, 2 %, 64.94 W
2026/10/09 23:14:58.797, P2, 1350 MHz, 6800 MHz, 2 %, 65.19 W
2026/10/09 23:14:58.903, P2, 1350 MHz, 6800 MHz, 2 %, 65.28 W
2026/10/09 23:14:59.008, P2, 1350 MHz, 6800 MHz, 2 %, 65.16 W
2026/10/09 23:14:59.112, P2, 1350 MHz, 6800 MHz, 2 %, 65.28 W
2026/10/09 23:14:59.217, P2, 1350 MHz, 6800 MHz, 2 %, 65.22 W
2026/10/09 23:14:59.322, P2, 1350 MHz, 6800 MHz, 0 %, 65.33 W
2026/10/09 23:14:59.427, P2, 1350 MHz, 6800 MHz, 0 %, 65.15 W
2026/10/09 23:14:59.531, P2, 1350 MHz, 6800 MHz, 0 %, 65.06 W
2026/10/09 23:14:59.635, P2, 1350 MHz, 6800 MHz, 0 %, 65.02 W
2026/10/09 23:14:59.740, P2, 1350 MHz, 6800 MHz, 0 %, 65.07 W
2026/10/09 23:14:59.845, P2, 1350 MHz, 6800 MHz, 0 %, 65.11 W
2026/10/09 23:14:59.950, P2, 1350 MHz, 6800 MHz, 0 %, 65.17 W
2026/10/09 23:15:00.055, P2, 1350 MHz, 6800 MHz, 0 %, 65.07 W
2026/10/09 23:15:00.159, P2, 1350 MHz, 6800 MHz, 0 %, 65.29 W
2026/10/09 23:15:00.263, P2, 1350 MHz, 6800 MHz, 0 %, 65.22 W
2026/10/09 23:15:00.369, P2, 1350 MHz, 6800 MHz, 0 %, 65.30 W
2026/10/09 23:15:00.474, P2, 1350 MHz, 6800 MHz, 0 %, 65.24 W
2026/10/09 23:15:00.578, P2, 1350 MHz, 6800 MHz, 0 %, 65.24 W
2026/10/09 23:15:00.682, P2, 1350 MHz, 6800 MHz, 0 %, 65.18 W
2026/10/09 23:15:00.788, P2, 1350 MHz, 6800 MHz, 0 %, 65.18 W
2026/10/09 23:15:00.892, P2, 1350 MHz, 6800 MHz, 0 %, 65.15 W
2026/10/09 23:15:00.997, P2, 1350 MHz, 6800 MHz, 0 %, 65.07 W
2026/10/09 23:15:01.102, P2, 1350 MHz, 6800 MHz, 0 %, 64.96 W
2026/10/09 23:15:01.206, P2, 1350 MHz, 6800 MHz, 0 %, 65.21 W
2026/10/09 23:15:01.312, P2, 1350 MHz, 6800 MHz, 0 %, 65.27 W
2026/10/09 23:15:01.417, P2, 1350 MHz, 6800 MHz, 0 %, 65.11 W
2026/10/09 23:15:01.521, P2, 1350 MHz, 6800 MHz, 0 %, 65.23 W
2026/10/09 23:15:01.626, P2, 1350 MHz, 6800 MHz, 0 %, 65.22 W
2026/10/09 23:15:01.731, P2, 1350 MHz, 6800 MHz, 0 %, 65.31 W
2026/10/09 23:15:01.836, P2, 1350 MHz, 6800 MHz, 0 %, 65.36 W
2026/10/09 23:15:01.940, P2, 1350 MHz, 6800 MHz, 0 %, 65.27 W
2026/10/09 23:15:02.045, P2, 1350 MHz, 6800 MHz, 0 %, 65.09 W
2026/10/09 23:15:02.149, P2, 1350 MHz, 6800 MHz, 0 %, 64.97 W
2026/10/09 23:15:02.255, P2, 1350 MHz, 6800 MHz, 0 %, 65.17 W
2026/10/09 23:15:02.359, P2, 1350 MHz, 6800 MHz, 0 %, 65.15 W
2026/10/09 23:15:02.463, P2, 1350 MHz, 6800 MHz, 0 %, 65.04 W
2026/10/09 23:15:02.568, P2, 1350 MHz, 6800 MHz, 0 %, 65.01 W
2026/10/09 23:15:02.672, P2, 1350 MHz, 6800 MHz, 0 %, 65.08 W
2026/10/09 23:15:02.779, P2, 1350 MHz, 6800 MHz, 0 %, 65.28 W
2026/10/09 23:15:02.883, P2, 1350 MHz, 6800 MHz, 0 %, 65.35 W
2026/10/09 23:15:02.988, P2, 1350 MHz, 6800 MHz, 0 %, 65.38 W
2026/10/09 23:15:03.092, P2, 1350 MHz, 6800 MHz, 0 %, 65.37 W
2026/10/09 23:15:03.197, P2, 1350 MHz, 6800 MHz, 0 %, 65.30 W
2026/10/09 23:15:03.302, P2, 1350 MHz, 6800 MHz, 0 %, 64.98 W
2026/10/09 23:15:03.407, P2, 1350 MHz, 6800 MHz, 0 %, 64.95 W
2026/10/09 23:15:03.511, P2, 1350 MHz, 6800 MHz, 0 %, 64.95 W
2026/10/09 23:15:03.616, P2, 1350 MHz, 6800 MHz, 0 %, 65.17 W
2026/10/09 23:15:03.722, P2, 1350 MHz, 6800 MHz, 0 %, 65.40 W
2026/10/09 23:15:03.827, P2, 1350 MHz, 6800 MHz, 0 %, 65.37 W
2026/10/09 23:15:03.932, P2, 1350 MHz, 6800 MHz, 0 %, 65.36 W
2026/10/09 23:15:04.036, P2, 1350 MHz, 6800 MHz, 0 %, 65.05 W
2026/10/09 23:15:04.143, P2, 1350 MHz, 6800 MHz, 0 %, 65.26 W
2026/10/09 23:15:04.247, P2, 1350 MHz, 6800 MHz, 0 %, 65.06 W
2026/10/09 23:15:04.352, P2, 1350 MHz, 6800 MHz, 0 %, 65.02 W
2026/10/09 23:15:04.457, P2, 1350 MHz, 6800 MHz, 0 %, 64.98 W
2026/10/09 23:15:04.563, P2, 1350 MHz, 6800 MHz, 0 %, 65.29 W
2026/10/09 23:15:04.667, P2, 1350 MHz, 6800 MHz, 0 %, 65.07 W
2026/10/09 23:15:04.772, P2, 1350 MHz, 6800 MHz, 0 %, 65.06 W
2026/10/09 23:15:04.876, P2, 1350 MHz, 6800 MHz, 0 %, 65.01 W
2026/10/09 23:15:04.981, P2, 1350 MHz, 6800 MHz, 0 %, 65.19 W
2026/10/09 23:15:05.086, P2, 1350 MHz, 6800 MHz, 0 %, 65.08 W
2026/10/09 23:15:05.190, P2, 1350 MHz, 6800 MHz, 0 %, 65.07 W
2026/10/09 23:15:05.295, P2, 1350 MHz, 6800 MHz, 0 %, 65.25 W
2026/10/09 23:15:05.399, P2, 1350 MHz, 6800 MHz, 0 %, 65.24 W
2026/10/09 23:15:05.504, P2, 1350 MHz, 6800 MHz, 0 %, 65.33 W
2026/10/09 23:15:05.610, P2, 1350 MHz, 6800 MHz, 0 %, 65.58 W
2026/10/09 23:15:05.714, P2, 1350 MHz, 6800 MHz, 0 %, 65.19 W
2026/10/09 23:15:05.819, P2, 1350 MHz, 6800 MHz, 0 %, 64.88 W
2026/10/09 23:15:05.923, P2, 1350 MHz, 6800 MHz, 0 %, 65.12 W
2026/10/09 23:15:06.029, P2, 1350 MHz, 6800 MHz, 0 %, 65.15 W
2026/10/09 23:15:06.133, P2, 1350 MHz, 6800 MHz, 0 %, 65.08 W
2026/10/09 23:15:06.238, P2, 1350 MHz, 6800 MHz, 0 %, 65.11 W
2026/10/09 23:15:06.342, P2, 1350 MHz, 6800 MHz, 0 %, 66.39 W
2026/10/09 23:15:06.447, P2, 1350 MHz, 6800 MHz, 0 %, 70.26 W
2026/10/09 23:15:06.556, P2, 1980 MHz, 6800 MHz, 0 %, 67.21 W
2026/10/09 23:15:06.660, P2, 1980 MHz, 6800 MHz, 0 %, 91.31 W
2026/10/09 23:15:06.764, P2, 1980 MHz, 6800 MHz, 0 %, 93.88 W
2026/10/09 23:15:06.895, P2, 1980 MHz, 6800 MHz, 0 %, 97.14 W
2026/10/09 23:15:06.999, P2, 1980 MHz, 6800 MHz, 0 %, 89.91 W
2026/10/09 23:15:07.103, P2, 1980 MHz, 6800 MHz, 0 %, 89.69 W
2026/10/09 23:15:07.207, P2, 1980 MHz, 6800 MHz, 0 %, 90.13 W
2026/10/09 23:15:07.310, P2, 1980 MHz, 6800 MHz, 0 %, 90.99 W
2026/10/09 23:15:07.414, P2, 1980 MHz, 6800 MHz, 44 %, 91.87 W
2026/10/09 23:15:07.520, P2, 1980 MHz, 6800 MHz, 44 %, 92.43 W
2026/10/09 23:15:07.623, P2, 1980 MHz, 6800 MHz, 44 %, 96.51 W
2026/10/09 23:15:07.727, P2, 1980 MHz, 6800 MHz, 44 %, 91.92 W
2026/10/09 23:15:07.831, P2, 1980 MHz, 6800 MHz, 44 %, 91.55 W
2026/10/09 23:15:07.935, P2, 1980 MHz, 6800 MHz, 44 %, 92.27 W
2026/10/09 23:15:08.043, P2, 1980 MHz, 6800 MHz, 44 %, 93.06 W
2026/10/09 23:15:08.147, P2, 1980 MHz, 6800 MHz, 44 %, 91.84 W
2026/10/09 23:15:08.251, P2, 1980 MHz, 6800 MHz, 44 %, 91.98 W
2026/10/09 23:15:08.354, P2, 1980 MHz, 6800 MHz, 1 %, 91.76 W
2026/10/09 23:15:08.458, P2, 1980 MHz, 6800 MHz, 1 %, 91.52 W
2026/10/09 23:15:08.563, P2, 1965 MHz, 6800 MHz, 1 %, 91.91 W
2026/10/09 23:15:08.717, P2, 1350 MHz, 6800 MHz, 1 %, 93.18 W
2026/10/09 23:15:08.821, P2, 1350 MHz, 6800 MHz, 1 %, 65.11 W
2026/10/09 23:15:08.927, P2, 1350 MHz, 6800 MHz, 1 %, 65.22 W
2026/10/09 23:15:09.031, P2, 1350 MHz, 6800 MHz, 1 %, 65.57 W
2026/10/09 23:15:09.136, P2, 1350 MHz, 6800 MHz, 1 %, 65.00 W
2026/10/09 23:15:09.242, P2, 1350 MHz, 6800 MHz, 1 %, 65.14 W
2026/10/09 23:15:09.347, P2, 1350 MHz, 6800 MHz, 0 %, 65.21 W
2026/10/09 23:15:09.452, P2, 1350 MHz, 6800 MHz, 0 %, 65.29 W
2026/10/09 23:15:09.556, P2, 1350 MHz, 6800 MHz, 0 %, 65.42 W
2026/10/09 23:15:09.660, P2, 1350 MHz, 6800 MHz, 0 %, 65.41 W
2026/10/09 23:15:09.765, P2, 1350 MHz, 6800 MHz, 0 %, 65.45 W
2026/10/09 23:15:09.870, P2, 1350 MHz, 6800 MHz, 0 %, 65.50 W
2026/10/09 23:15:09.975, P2, 1350 MHz, 6800 MHz, 0 %, 65.38 W
2026/10/09 23:15:10.079, P2, 1350 MHz, 6800 MHz, 0 %, 65.45 W
2026/10/09 23:15:10.184, P2, 1350 MHz, 6800 MHz, 0 %, 65.47 W
2026/10/09 23:15:10.288, P2, 1350 MHz, 6800 MHz, 0 %, 65.42 W
2026/10/09 23:15:10.394, P2, 1350 MHz, 6800 MHz, 0 %, 65.47 W
2026/10/09 23:15:10.499, P2, 1350 MHz, 6800 MHz, 0 %, 65.38 W
2026/10/09 23:15:10.604, P2, 1350 MHz, 6800 MHz, 0 %, 65.37 W
2026/10/09 23:15:10.709, P2, 1350 MHz, 6800 MHz, 0 %, 65.25 W
2026/10/09 23:15:10.815, P2, 1350 MHz, 6800 MHz, 0 %, 65.41 W
2026/10/09 23:15:10.919, P2, 1350 MHz, 6800 MHz, 0 %, 65.32 W
2026/10/09 23:15:11.024, P2, 1350 MHz, 6800 MHz, 0 %, 65.51 W
2026/10/09 23:15:11.129, P2, 1350 MHz, 6800 MHz, 0 %, 65.29 W
2026/10/09 23:15:11.234, P2, 1350 MHz, 6800 MHz, 0 %, 65.19 W
2026/10/09 23:15:11.339, P2, 1350 MHz, 6800 MHz, 0 %, 65.36 W
2026/10/09 23:15:11.443, P2, 1350 MHz, 6800 MHz, 0 %, 65.30 W
2026/10/09 23:15:11.548, P2, 1350 MHz, 6800 MHz, 0 %, 65.30 W
2026/10/09 23:15:11.653, P2, 1350 MHz, 6800 MHz, 0 %, 65.51 W
2026/10/09 23:15:11.759, P2, 1350 MHz, 6800 MHz, 0 %, 65.61 W
2026/10/09 23:15:11.863, P2, 1350 MHz, 6800 MHz, 0 %, 65.53 W
2026/10/09 23:15:11.968, P2, 1350 MHz, 6800 MHz, 0 %, 65.43 W
2026/10/09 23:15:12.072, P2, 1350 MHz, 6800 MHz, 0 %, 65.45 W
2026/10/09 23:15:12.177, P2, 1350 MHz, 6800 MHz, 0 %, 65.57 W
2026/10/09 23:15:12.283, P2, 1350 MHz, 6800 MHz, 0 %, 65.65 W
2026/10/09 23:15:12.388, P2, 1350 MHz, 6800 MHz, 0 %, 65.67 W
2026/10/09 23:15:12.492, P2, 1350 MHz, 6800 MHz, 0 %, 65.65 W
2026/10/09 23:15:12.597, P2, 1350 MHz, 6800 MHz, 0 %, 65.48 W
2026/10/09 23:15:12.702, P2, 1350 MHz, 6800 MHz, 0 %, 65.59 W
2026/10/09 23:15:12.807, P2, 1350 MHz, 6800 MHz, 0 %, 65.37 W
2026/10/09 23:15:12.912, P2, 1350 MHz, 6800 MHz, 0 %, 65.62 W
2026/10/09 23:15:13.016, P2, 1350 MHz, 6800 MHz, 0 %, 65.63 W
2026/10/09 23:15:13.121, P2, 1350 MHz, 6800 MHz, 0 %, 65.60 W
2026/10/09 23:15:13.227, P2, 1350 MHz, 6800 MHz, 0 %, 65.58 W
2026/10/09 23:15:13.331, P2, 1350 MHz, 6800 MHz, 0 %, 65.37 W
2026/10/09 23:15:13.436, P2, 1350 MHz, 6800 MHz, 0 %, 65.43 W
2026/10/09 23:15:13.541, P2, 1350 MHz, 6800 MHz, 0 %, 65.57 W
2026/10/09 23:15:13.647, P2, 1350 MHz, 6800 MHz, 0 %, 65.60 W
2026/10/09 23:15:13.751, P2, 1350 MHz, 6800 MHz, 0 %, 65.52 W
2026/10/09 23:15:13.856, P2, 1350 MHz, 6800 MHz, 0 %, 65.45 W
2026/10/09 23:15:13.961, P2, 1350 MHz, 6800 MHz, 0 %, 65.55 W
2026/10/09 23:15:14.067, P2, 1350 MHz, 6800 MHz, 0 %, 65.63 W
2026/10/09 23:15:14.172, P2, 1350 MHz, 6800 MHz, 0 %, 65.51 W
2026/10/09 23:15:14.276, P2, 1350 MHz, 6800 MHz, 0 %, 65.39 W
2026/10/09 23:15:14.381, P2, 1350 MHz, 6800 MHz, 0 %, 65.52 W
2026/10/09 23:15:14.486, P2, 1350 MHz, 6800 MHz, 0 %, 65.43 W
2026/10/09 23:15:14.592, P2, 1350 MHz, 6800 MHz, 0 %, 65.75 W
2026/10/09 23:15:14.697, P2, 1350 MHz, 6800 MHz, 0 %, 65.39 W
2026/10/09 23:15:14.802, P2, 1350 MHz, 6800 MHz, 0 %, 65.52 W
2026/10/09 23:15:14.907, P2, 1350 MHz, 6800 MHz, 0 %, 65.45 W
2026/10/09 23:15:15.012, P2, 1350 MHz, 6800 MHz, 0 %, 65.45 W
2026/10/09 23:15:15.117, P2, 1350 MHz, 6800 MHz, 0 %, 65.54 W
2026/10/09 23:15:15.222, P2, 1350 MHz, 6800 MHz, 0 %, 65.41 W
2026/10/09 23:15:15.326, P2, 1350 MHz, 6800 MHz, 0 %, 65.39 W
2026/10/09 23:15:15.431, P2, 1350 MHz, 6800 MHz, 0 %, 65.23 W
2026/10/09 23:15:15.537, P2, 1350 MHz, 6800 MHz, 0 %, 65.43 W
2026/10/09 23:15:15.642, P2, 1350 MHz, 6800 MHz, 0 %, 65.36 W
2026/10/09 23:15:15.747, P2, 1350 MHz, 6800 MHz, 0 %, 65.42 W
2026/10/09 23:15:15.852, P2, 1350 MHz, 6800 MHz, 0 %, 65.34 W
2026/10/09 23:15:15.958, P2, 1350 MHz, 6800 MHz, 0 %, 65.43 W
2026/10/09 23:15:16.063, P2, 1350 MHz, 6800 MHz, 0 %, 65.22 W
2026/10/09 23:15:16.168, P2, 1350 MHz, 6800 MHz, 0 %, 65.43 W
2026/10/09 23:15:16.272, P2, 1350 MHz, 6800 MHz, 0 %, 65.45 W
2026/10/09 23:15:16.378, P2, 1350 MHz, 6800 MHz, 0 %, 65.55 W
2026/10/09 23:15:16.483, P2, 1350 MHz, 6800 MHz, 0 %, 65.52 W
2026/10/09 23:15:16.588, P2, 1350 MHz, 6800 MHz, 0 %, 65.62 W
2026/10/09 23:15:16.692, P2, 1350 MHz, 6800 MHz, 0 %, 65.94 W
2026/10/09 23:15:16.798, P2, 1350 MHz, 6800 MHz, 0 %, 66.09 W
2026/10/09 23:15:16.903, P2, 1350 MHz, 6800 MHz, 0 %, 65.73 W
2026/10/09 23:15:17.008, P2, 1350 MHz, 6800 MHz, 0 %, 65.75 W
2026/10/09 23:15:17.112, P2, 1350 MHz, 6800 MHz, 0 %, 65.79 W
2026/10/09 23:15:17.217, P2, 1350 MHz, 6800 MHz, 0 %, 65.73 W
2026/10/09 23:15:17.323, P2, 1350 MHz, 6800 MHz, 0 %, 65.87 W
2026/10/09 23:15:17.428, P2, 1350 MHz, 6800 MHz, 0 %, 65.64 W
2026/10/09 23:15:17.533, P2, 1350 MHz, 6800 MHz, 0 %, 65.89 W
2026/10/09 23:15:17.637, P2, 1350 MHz, 6800 MHz, 0 %, 65.81 W
2026/10/09 23:15:17.743, P2, 1350 MHz, 6800 MHz, 0 %, 65.88 W
2026/10/09 23:15:17.848, P2, 1350 MHz, 6800 MHz, 0 %, 65.79 W
2026/10/09 23:15:17.953, P2, 1350 MHz, 6800 MHz, 0 %, 65.94 W
2026/10/09 23:15:18.058, P2, 1350 MHz, 6800 MHz, 0 %, 65.87 W
2026/10/09 23:15:18.164, P2, 1350 MHz, 6800 MHz, 0 %, 66.24 W
2026/10/09 23:15:18.269, P2, 1350 MHz, 6800 MHz, 0 %, 65.63 W
2026/10/09 23:15:18.373, P2, 1350 MHz, 6800 MHz, 0 %, 65.65 W
2026/10/09 23:15:18.478, P2, 1350 MHz, 6800 MHz, 0 %, 65.76 W
2026/10/09 23:15:18.583, P2, 1350 MHz, 6800 MHz, 0 %, 65.83 W
2026/10/09 23:15:18.688, P2, 1350 MHz, 6800 MHz, 0 %, 65.82 W
2026/10/09 23:15:18.792, P2, 1350 MHz, 6800 MHz, 0 %, 65.55 W
2026/10/09 23:15:18.897, P2, 1350 MHz, 6800 MHz, 0 %, 65.52 W
2026/10/09 23:15:19.002, P2, 1350 MHz, 6800 MHz, 0 %, 65.53 W
2026/10/09 23:15:19.107, P2, 1350 MHz, 6800 MHz, 0 %, 65.78 W
2026/10/09 23:15:19.212, P2, 1350 MHz, 6800 MHz, 0 %, 65.73 W
2026/10/09 23:15:19.317, P2, 1350 MHz, 6800 MHz, 0 %, 65.86 W
2026/10/09 23:15:19.421, P2, 1350 MHz, 6800 MHz, 0 %, 65.65 W
2026/10/09 23:15:19.526, P2, 1350 MHz, 6800 MHz, 0 %, 65.74 W
2026/10/09 23:15:19.632, P2, 1350 MHz, 6800 MHz, 0 %, 66.14 W
2026/10/09 23:15:19.737, P2, 1350 MHz, 6800 MHz, 0 %, 65.95 W
2026/10/09 23:15:19.842, P2, 1350 MHz, 6800 MHz, 0 %, 65.69 W
2026/10/09 23:15:19.946, P2, 1350 MHz, 6800 MHz, 0 %, 65.86 W
2026/10/09 23:15:20.052, P2, 1350 MHz, 6800 MHz, 0 %, 66.14 W
2026/10/09 23:15:20.157, P2, 1350 MHz, 6800 MHz, 0 %, 65.94 W
2026/10/09 23:15:20.262, P2, 1350 MHz, 6800 MHz, 0 %, 66.10 W
2026/10/09 23:15:20.367, P2, 1350 MHz, 6800 MHz, 0 %, 66.07 W
2026/10/09 23:15:20.473, P2, 1350 MHz, 6800 MHz, 0 %, 66.03 W
2026/10/09 23:15:20.578, P2, 1350 MHz, 6800 MHz, 0 %, 65.83 W
2026/10/09 23:15:20.682, P2, 1350 MHz, 6800 MHz, 0 %, 66.08 W
2026/10/09 23:15:20.787, P2, 1350 MHz, 6800 MHz, 0 %, 66.02 W
2026/10/09 23:15:20.892, P2, 1350 MHz, 6800 MHz, 0 %, 65.96 W
2026/10/09 23:15:20.998, P2, 1350 MHz, 6800 MHz, 0 %, 66.23 W
2026/10/09 23:15:21.102, P2, 1350 MHz, 6800 MHz, 0 %, 66.02 W
2026/10/09 23:15:21.207, P2, 1350 MHz, 6800 MHz, 0 %, 65.65 W
2026/10/09 23:15:21.312, P2, 1350 MHz, 6800 MHz, 0 %, 65.95 W
2026/10/09 23:15:21.417, P2, 1350 MHz, 6800 MHz, 0 %, 66.08 W
2026/10/09 23:15:21.522, P2, 1350 MHz, 6800 MHz, 0 %, 66.11 W
2026/10/09 23:15:21.627, P2, 1350 MHz, 6800 MHz, 0 %, 65.82 W
2026/10/09 23:15:21.731, P2, 1350 MHz, 6800 MHz, 0 %, 65.74 W
2026/10/09 23:15:21.837, P2, 1350 MHz, 6800 MHz, 0 %, 66.06 W
2026/10/09 23:15:21.942, P2, 1350 MHz, 6800 MHz, 0 %, 65.88 W
2026/10/09 23:15:22.046, P2, 1350 MHz, 6800 MHz, 0 %, 65.85 W
2026/10/09 23:15:22.151, P2, 1350 MHz, 6800 MHz, 0 %, 66.04 W
2026/10/09 23:15:22.256, P2, 1350 MHz, 6800 MHz, 0 %, 65.98 W
2026/10/09 23:15:22.362, P2, 1350 MHz, 6800 MHz, 0 %, 65.92 W
2026/10/09 23:15:22.467, P2, 1350 MHz, 6800 MHz, 0 %, 65.87 W
2026/10/09 23:15:22.572, P2, 1350 MHz, 6800 MHz, 0 %, 66.01 W
2026/10/09 23:15:22.677, P2, 1350 MHz, 6800 MHz, 0 %, 66.27 W
2026/10/09 23:15:22.783, P2, 1350 MHz, 6800 MHz, 0 %, 66.35 W
2026/10/09 23:15:22.887, P2, 1350 MHz, 6800 MHz, 0 %, 65.70 W
2026/10/09 23:15:22.992, P2, 1350 MHz, 6800 MHz, 0 %, 66.20 W
2026/10/09 23:15:23.097, P2, 1350 MHz, 6800 MHz, 0 %, 65.74 W
2026/10/09 23:15:23.203, P2, 1350 MHz, 6800 MHz, 0 %, 66.19 W
2026/10/09 23:15:23.307, P2, 1350 MHz, 6800 MHz, 0 %, 66.26 W
2026/10/09 23:15:23.412, P2, 1350 MHz, 6800 MHz, 0 %, 66.29 W
2026/10/09 23:15:23.517, P2, 1350 MHz, 6800 MHz, 0 %, 66.30 W
2026/10/09 23:15:23.621, P2, 1350 MHz, 6800 MHz, 0 %, 66.27 W
2026/10/09 23:15:23.728, P2, 1350 MHz, 6800 MHz, 0 %, 66.30 W
2026/10/09 23:15:23.832, P2, 1350 MHz, 6800 MHz, 0 %, 66.15 W
2026/10/09 23:15:23.937, P2, 1350 MHz, 6800 MHz, 0 %, 66.35 W
2026/10/09 23:15:24.042, P2, 1350 MHz, 6800 MHz, 0 %, 66.38 W
2026/10/09 23:15:24.148, P8, 435 MHz, 405 MHz, 0 %, 66.36 W
2026/10/09 23:15:24.262, P8, 435 MHz, 405 MHz, 0 %, 44.06 W
2026/10/09 23:15:24.372, P8, 435 MHz, 405 MHz, 0 %, 29.73 W
2026/10/09 23:15:24.481, P8, 435 MHz, 405 MHz, 0 %, 25.91 W
2026/10/09 23:15:24.590, P8, 435 MHz, 405 MHz, 0 %, 25.81 W
2026/10/09 23:15:24.699, P8, 435 MHz, 405 MHz, 0 %, 25.80 W
2026/10/09 23:15:24.808, P8, 435 MHz, 405 MHz, 0 %, 25.83 W
2026/10/09 23:15:24.917, P8, 435 MHz, 405 MHz, 0 %, 25.67 W
2026/10/09 23:15:25.026, P8, 330 MHz, 405 MHz, 0 %, 25.69 W
2026/10/09 23:15:25.137, P8, 330 MHz, 405 MHz, 0 %, 35.14 W
2026/10/09 23:15:25.246, P8, 330 MHz, 405 MHz, 0 %, 25.50 W
2026/10/09 23:15:25.355, P8, 330 MHz, 405 MHz, 0 %, 25.37 W
2026/10/09 23:15:25.463, P8, 330 MHz, 405 MHz, 0 %, 25.49 W
2026/10/09 23:15:25.572, P8, 330 MHz, 405 MHz, 0 %, 25.31 W
2026/10/09 23:15:25.680, P8, 330 MHz, 405 MHz, 0 %, 25.39 W
2026/10/09 23:15:25.789, P8, 330 MHz, 405 MHz, 0 %, 25.20 W
2026/10/09 23:15:25.897, P8, 330 MHz, 405 MHz, 0 %, 25.51 W
2026/10/09 23:15:26.006, P8, 330 MHz, 405 MHz, 0 %, 25.57 W
2026/10/09 23:15:26.115, P8, 330 MHz, 405 MHz, 0 %, 25.29 W
2026/10/09 23:15:26.224, P8, 330 MHz, 405 MHz, 0 %, 25.08 W
2026/10/09 23:15:26.333, P8, 330 MHz, 405 MHz, 0 %, 25.03 W
2026/10/09 23:15:26.441, P8, 330 MHz, 405 MHz, 0 %, 25.07 W
2026/10/09 23:15:26.549, P8, 330 MHz, 405 MHz, 0 %, 25.03 W
2026/10/09 23:15:26.658, P8, 300 MHz, 405 MHz, 0 %, 24.98 W
2026/10/09 23:15:26.767, P8, 300 MHz, 405 MHz, 0 %, 25.70 W
2026/10/09 23:15:26.876, P8, 300 MHz, 405 MHz, 0 %, 25.03 W
2026/10/09 23:15:26.984, P8, 300 MHz, 405 MHz, 0 %, 25.13 W
2026/10/09 23:15:27.093, P8, 300 MHz, 405 MHz, 0 %, 24.82 W
2026/10/09 23:15:27.202, P8, 300 MHz, 405 MHz, 0 %, 24.84 W
2026/10/09 23:15:27.311, P8, 300 MHz, 405 MHz, 0 %, 24.75 W
2026/10/09 23:15:27.420, P8, 300 MHz, 405 MHz, 0 %, 24.84 W
2026/10/09 23:15:27.528, P8, 300 MHz, 405 MHz, 0 %, 24.92 W
2026/10/09 23:15:27.637, P8, 300 MHz, 405 MHz, 0 %, 24.85 W
2026/10/09 23:15:27.745, P8, 300 MHz, 405 MHz, 0 %, 24.77 W
2026/10/09 23:15:27.853, P8, 300 MHz, 405 MHz, 0 %, 24.75 W
2026/10/09 23:15:27.962, P8, 300 MHz, 405 MHz, 0 %, 24.45 W
2026/10/09 23:15:28.071, P8, 300 MHz, 405 MHz, 0 %, 24.76 W
2026/10/09 23:15:28.179, P8, 300 MHz, 405 MHz, 0 %, 24.77 W
2026/10/09 23:15:28.288, P8, 300 MHz, 405 MHz, 0 %, 25.01 W
2026/10/09 23:15:28.397, P8, 300 MHz, 405 MHz, 0 %, 25.08 W
2026/10/09 23:15:28.506, P8, 300 MHz, 405 MHz, 0 %, 25.21 W
2026/10/09 23:15:28.614, P8, 300 MHz, 405 MHz, 0 %, 25.15 W
2026/10/09 23:15:28.723, P8, 300 MHz, 405 MHz, 0 %, 25.06 W
2026/10/09 23:15:28.831, P8, 300 MHz, 405 MHz, 0 %, 25.22 W
2026/10/09 23:15:28.939, P8, 300 MHz, 405 MHz, 0 %, 24.99 W
2026/10/09 23:15:29.047, P8, 300 MHz, 405 MHz, 0 %, 25.28 W
2026/10/09 23:15:29.156, P8, 300 MHz, 405 MHz, 0 %, 25.07 W
2026/10/09 23:15:29.265, P8, 300 MHz, 405 MHz, 0 %, 25.08 W
2026/10/09 23:15:29.374, P8, 300 MHz, 405 MHz, 0 %, 25.06 W
2026/10/09 23:15:29.482, P8, 300 MHz, 405 MHz, 0 %, 25.24 W
2026/10/09 23:15:29.591, P8, 300 MHz, 405 MHz, 0 %, 25.51 W
2026/10/09 23:15:29.700, P8, 300 MHz, 405 MHz, 0 %, 25.27 W
2026/10/09 23:15:29.809, P8, 300 MHz, 405 MHz, 0 %, 25.14 W
2026/10/09 23:15:29.917, P8, 300 MHz, 405 MHz, 0 %, 24.93 W
2026/10/09 23:15:30.025, P8, 300 MHz, 405 MHz, 0 %, 25.17 W
2026/10/09 23:15:30.134, P2, 1350 MHz, 6800 MHz, 0 %, 25.30 W
2026/10/09 23:15:30.267, P2, 1350 MHz, 6800 MHz, 0 %, 53.82 W
2026/10/09 23:15:30.371, P2, 1350 MHz, 6800 MHz, 0 %, 71.57 W
2026/10/09 23:15:30.476, P2, 1350 MHz, 6800 MHz, 2 %, 71.95 W
2026/10/09 23:15:30.580, P2, 1350 MHz, 6800 MHz, 2 %, 72.36 W
2026/10/09 23:15:30.684, P2, 1350 MHz, 6800 MHz, 2 %, 71.71 W
2026/10/09 23:15:30.792, P2, 1350 MHz, 6800 MHz, 2 %, 73.07 W
2026/10/09 23:15:30.896, P2, 1350 MHz, 6800 MHz, 2 %, 70.54 W
2026/10/09 23:15:31.001, P2, 1350 MHz, 6800 MHz, 2 %, 72.45 W
2026/10/09 23:15:31.106, P2, 1350 MHz, 6800 MHz, 2 %, 72.43 W
2026/10/09 23:15:31.213, P2, 1350 MHz, 6800 MHz, 2 %, 70.44 W
2026/10/09 23:15:31.319, P2, 1350 MHz, 6800 MHz, 2 %, 70.60 W
2026/10/09 23:15:31.424, P2, 1350 MHz, 6800 MHz, 9 %, 70.74 W
2026/10/09 23:15:31.530, P2, 1350 MHz, 6800 MHz, 9 %, 72.18 W
2026/10/09 23:15:31.635, P2, 1350 MHz, 6800 MHz, 9 %, 73.36 W
2026/10/09 23:15:31.740, P2, 1350 MHz, 6800 MHz, 9 %, 69.28 W
2026/10/09 23:15:31.844, P2, 1350 MHz, 6800 MHz, 9 %, 74.18 W
2026/10/09 23:15:31.948, P2, 1350 MHz, 6800 MHz, 9 %, 71.66 W
2026/10/09 23:15:32.053, P2, 1350 MHz, 6800 MHz, 9 %, 70.89 W
2026/10/09 23:15:32.160, P2, 1350 MHz, 6800 MHz, 9 %, 71.09 W
2026/10/09 23:15:32.264, P2, 1350 MHz, 6800 MHz, 9 %, 75.04 W
2026/10/09 23:15:32.369, P2, 1350 MHz, 6800 MHz, 9 %, 71.33 W
2026/10/09 23:15:32.474, P2, 1350 MHz, 6800 MHz, 10 %, 70.93 W
2026/10/09 23:15:32.582, P2, 1350 MHz, 6800 MHz, 10 %, 71.36 W
2026/10/09 23:15:32.686, P2, 1350 MHz, 6800 MHz, 10 %, 75.04 W
2026/10/09 23:15:32.792, P2, 1350 MHz, 6800 MHz, 10 %, 70.56 W
2026/10/09 23:15:32.896, P2, 1350 MHz, 6800 MHz, 10 %, 72.80 W
2026/10/09 23:15:33.004, P2, 1350 MHz, 6800 MHz, 10 %, 70.96 W
2026/10/09 23:15:33.108, P2, 1350 MHz, 6800 MHz, 10 %, 70.46 W
2026/10/09 23:15:33.212, P2, 1350 MHz, 6800 MHz, 10 %, 66.16 W
2026/10/09 23:15:33.317, P2, 1350 MHz, 6800 MHz, 10 %, 70.57 W
2026/10/09 23:15:33.421, P2, 1350 MHz, 6800 MHz, 8 %, 72.25 W
2026/10/09 23:15:33.534, P2, 1350 MHz, 6800 MHz, 8 %, 68.94 W
2026/10/09 23:15:33.639, P2, 1350 MHz, 6800 MHz, 8 %, 70.99 W
2026/10/09 23:15:33.743, P2, 1350 MHz, 6800 MHz, 8 %, 71.02 W
2026/10/09 23:15:33.851, P2, 1350 MHz, 6800 MHz, 8 %, 72.36 W
2026/10/09 23:15:33.956, P2, 1350 MHz, 6800 MHz, 8 %, 73.76 W
2026/10/09 23:15:34.060, P2, 1350 MHz, 6800 MHz, 8 %, 71.24 W
2026/10/09 23:15:34.165, P2, 1350 MHz, 6800 MHz, 8 %, 70.95 W
2026/10/09 23:15:34.272, P2, 1350 MHz, 6800 MHz, 8 %, 75.24 W
2026/10/09 23:15:34.377, P2, 1350 MHz, 6800 MHz, 8 %, 70.31 W
2026/10/09 23:15:34.481, P2, 1350 MHz, 6800 MHz, 11 %, 74.30 W
2026/10/09 23:15:34.586, P2, 1350 MHz, 6800 MHz, 11 %, 74.21 W
2026/10/09 23:15:34.692, P2, 1350 MHz, 6800 MHz, 11 %, 71.50 W
2026/10/09 23:15:34.797, P2, 1350 MHz, 6800 MHz, 11 %, 71.09 W
2026/10/09 23:15:34.902, P2, 1350 MHz, 6800 MHz, 11 %, 74.44 W
2026/10/09 23:15:35.006, P2, 1350 MHz, 6800 MHz, 11 %, 73.80 W
2026/10/09 23:15:35.111, P2, 1350 MHz, 6800 MHz, 11 %, 72.50 W
2026/10/09 23:15:35.218, P2, 1350 MHz, 6800 MHz, 11 %, 71.17 W
2026/10/09 23:15:35.322, P2, 1350 MHz, 6800 MHz, 11 %, 75.23 W
2026/10/09 23:15:35.426, P2, 1350 MHz, 6800 MHz, 11 %, 71.22 W
2026/10/09 23:15:35.532, P2, 1350 MHz, 6800 MHz, 12 %, 74.46 W
2026/10/09 23:15:35.636, P2, 1350 MHz, 6800 MHz, 12 %, 72.77 W
2026/10/09 23:15:35.746, P2, 1350 MHz, 6800 MHz, 12 %, 72.82 W
2026/10/09 23:15:35.851, P2, 1350 MHz, 6800 MHz, 12 %, 72.78 W
2026/10/09 23:15:35.955, P2, 1350 MHz, 6800 MHz, 12 %, 72.47 W
2026/10/09 23:15:36.059, P2, 1350 MHz, 6800 MHz, 12 %, 72.80 W
2026/10/09 23:15:36.167, P2, 1350 MHz, 6800 MHz, 12 %, 72.89 W
2026/10/09 23:15:36.272, P2, 1350 MHz, 6800 MHz, 12 %, 72.99 W
2026/10/09 23:15:36.376, P2, 1350 MHz, 6800 MHz, 12 %, 73.75 W
2026/10/09 23:15:36.480, P2, 1350 MHz, 6800 MHz, 10 %, 71.58 W
2026/10/09 23:15:36.588, P2, 1350 MHz, 6800 MHz, 10 %, 75.22 W
2026/10/09 23:15:36.692, P2, 1350 MHz, 6800 MHz, 10 %, 72.73 W
2026/10/09 23:15:36.797, P2, 1350 MHz, 6800 MHz, 10 %, 73.94 W
2026/10/09 23:15:36.901, P2, 1350 MHz, 6800 MHz, 10 %, 69.71 W
2026/10/09 23:15:37.010, P2, 1350 MHz, 6800 MHz, 10 %, 75.54 W
2026/10/09 23:15:37.114, P2, 1350 MHz, 6800 MHz, 10 %, 75.12 W
2026/10/09 23:15:37.219, P2, 1350 MHz, 6800 MHz, 10 %, 71.60 W
2026/10/09 23:15:37.323, P2, 1350 MHz, 6800 MHz, 10 %, 75.57 W
2026/10/09 23:15:37.428, P2, 1350 MHz, 6800 MHz, 10 %, 71.27 W
2026/10/09 23:15:37.536, P2, 1350 MHz, 6800 MHz, 11 %, 75.11 W
2026/10/09 23:15:37.640, P2, 1350 MHz, 6800 MHz, 11 %, 73.88 W
2026/10/09 23:15:37.745, P2, 1350 MHz, 6800 MHz, 11 %, 72.01 W
2026/10/09 23:15:37.849, P2, 1350 MHz, 6800 MHz, 11 %, 73.13 W
2026/10/09 23:15:37.957, P2, 1350 MHz, 6800 MHz, 11 %, 75.06 W
2026/10/09 23:15:38.062, P2, 1350 MHz, 6800 MHz, 11 %, 73.77 W
2026/10/09 23:15:38.166, P2, 1350 MHz, 6800 MHz, 11 %, 71.39 W
2026/10/09 23:15:38.271, P2, 1350 MHz, 6800 MHz, 11 %, 75.47 W
2026/10/09 23:15:38.375, P2, 1350 MHz, 6800 MHz, 11 %, 71.25 W
2026/10/09 23:15:38.483, P2, 1350 MHz, 6800 MHz, 10 %, 75.41 W
2026/10/09 23:15:38.587, P2, 1350 MHz, 6800 MHz, 10 %, 71.16 W
2026/10/09 23:15:38.692, P2, 1350 MHz, 6800 MHz, 10 %, 70.67 W
2026/10/09 23:15:38.797, P2, 1350 MHz, 6800 MHz, 10 %, 75.65 W
2026/10/09 23:15:38.904, P2, 1350 MHz, 6800 MHz, 10 %, 75.35 W
2026/10/09 23:15:39.009, P2, 1350 MHz, 6800 MHz, 10 %, 71.39 W
2026/10/09 23:15:39.113, P2, 1350 MHz, 6800 MHz, 10 %, 75.02 W
2026/10/09 23:15:39.218, P2, 1350 MHz, 6800 MHz, 10 %, 71.09 W
2026/10/09 23:15:39.324, P2, 1350 MHz, 6800 MHz, 10 %, 73.95 W
2026/10/09 23:15:39.430, P2, 1350 MHz, 6800 MHz, 10 %, 75.96 W
2026/10/09 23:15:39.534, P2, 1350 MHz, 6800 MHz, 10 %, 70.95 W
2026/10/09 23:15:39.639, P2, 1350 MHz, 6800 MHz, 10 %, 71.33 W
2026/10/09 23:15:39.743, P2, 1350 MHz, 6800 MHz, 10 %, 75.63 W
2026/10/09 23:15:39.851, P2, 1350 MHz, 6800 MHz, 10 %, 72.27 W
2026/10/09 23:15:39.955, P2, 1350 MHz, 6800 MHz, 10 %, 74.49 W
2026/10/09 23:15:40.060, P2, 1350 MHz, 6800 MHz, 10 %, 75.87 W
2026/10/09 23:15:40.165, P2, 1350 MHz, 6800 MHz, 10 %, 72.47 W
2026/10/09 23:15:40.273, P2, 1350 MHz, 6800 MHz, 10 %, 72.49 W
2026/10/09 23:15:40.380, P2, 1350 MHz, 6800 MHz, 10 %, 73.07 W
2026/10/09 23:15:40.485, P2, 1350 MHz, 6800 MHz, 11 %, 72.74 W
2026/10/09 23:15:40.589, P2, 1350 MHz, 6800 MHz, 11 %, 72.31 W
2026/10/09 23:15:40.696, P2, 1350 MHz, 6800 MHz, 11 %, 69.57 W
2026/10/09 23:15:40.801, P2, 1350 MHz, 6800 MHz, 11 %, 70.43 W
2026/10/09 23:15:40.905, P2, 1350 MHz, 6800 MHz, 11 %, 76.95 W
2026/10/09 23:15:41.010, P2, 1350 MHz, 6800 MHz, 11 %, 73.01 W
2026/10/09 23:15:41.114, P2, 1350 MHz, 6800 MHz, 11 %, 70.65 W
2026/10/09 23:15:41.223, P2, 1350 MHz, 6800 MHz, 11 %, 71.20 W
2026/10/09 23:15:41.327, P2, 1350 MHz, 6800 MHz, 11 %, 75.24 W
2026/10/09 23:15:41.432, P2, 1350 MHz, 6800 MHz, 11 %, 73.61 W
2026/10/09 23:15:41.537, P2, 1350 MHz, 6800 MHz, 9 %, 73.28 W
2026/10/09 23:15:41.644, P2, 1350 MHz, 6800 MHz, 9 %, 72.37 W
2026/10/09 23:15:41.749, P2, 1350 MHz, 6800 MHz, 9 %, 72.11 W
2026/10/09 23:15:41.853, P2, 1350 MHz, 6800 MHz, 9 %, 74.65 W
2026/10/09 23:15:41.958, P2, 1350 MHz, 6800 MHz, 9 %, 72.08 W
2026/10/09 23:15:42.065, P2, 1350 MHz, 6800 MHz, 9 %, 75.64 W
2026/10/09 23:15:42.170, P2, 1350 MHz, 6800 MHz, 9 %, 72.58 W
2026/10/09 23:15:42.274, P2, 1350 MHz, 6800 MHz, 9 %, 74.26 W
2026/10/09 23:15:42.379, P2, 1350 MHz, 6800 MHz, 9 %, 75.28 W
2026/10/09 23:15:42.483, P2, 1350 MHz, 6800 MHz, 10 %, 72.72 W
2026/10/09 23:15:42.593, P2, 1350 MHz, 6800 MHz, 10 %, 75.60 W
2026/10/09 23:15:42.698, P2, 1350 MHz, 6800 MHz, 10 %, 74.26 W
2026/10/09 23:15:42.802, P2, 1350 MHz, 6800 MHz, 10 %, 71.36 W
2026/10/09 23:15:42.907, P2, 1350 MHz, 6800 MHz, 10 %, 75.59 W
2026/10/09 23:15:43.014, P2, 1350 MHz, 6800 MHz, 10 %, 71.60 W
2026/10/09 23:15:43.119, P2, 1350 MHz, 6800 MHz, 10 %, 75.27 W
2026/10/09 23:15:43.223, P2, 1350 MHz, 6800 MHz, 10 %, 71.42 W
2026/10/09 23:15:43.328, P2, 1350 MHz, 6800 MHz, 10 %, 72.41 W
2026/10/09 23:15:43.435, P2, 1350 MHz, 6800 MHz, 10 %, 74.57 W
2026/10/09 23:15:43.539, P2, 1350 MHz, 6800 MHz, 11 %, 75.48 W
2026/10/09 23:15:43.644, P2, 1350 MHz, 6800 MHz, 11 %, 71.10 W
2026/10/09 23:15:43.749, P2, 1350 MHz, 6800 MHz, 11 %, 74.53 W
2026/10/09 23:15:43.853, P2, 1350 MHz, 6800 MHz, 11 %, 71.61 W
2026/10/09 23:15:43.960, P2, 1350 MHz, 6800 MHz, 11 %, 75.58 W
2026/10/09 23:15:44.065, P2, 1350 MHz, 6800 MHz, 11 %, 71.13 W
2026/10/09 23:15:44.169, P2, 1350 MHz, 6800 MHz, 11 %, 75.72 W
2026/10/09 23:15:44.274, P2, 1350 MHz, 6800 MHz, 11 %, 75.52 W
2026/10/09 23:15:44.382, P2, 1350 MHz, 6800 MHz, 11 %, 71.64 W
2026/10/09 23:15:44.486, P2, 1350 MHz, 6800 MHz, 11 %, 75.38 W
2026/10/09 23:15:44.591, P2, 1350 MHz, 6800 MHz, 11 %, 71.24 W
2026/10/09 23:15:44.695, P2, 1350 MHz, 6800 MHz, 11 %, 71.13 W
2026/10/09 23:15:44.800, P2, 1350 MHz, 6800 MHz, 11 %, 72.92 W
2026/10/09 23:15:44.909, P2, 1350 MHz, 6800 MHz, 11 %, 72.57 W
2026/10/09 23:15:45.014, P2, 1350 MHz, 6800 MHz, 11 %, 66.70 W
2026/10/09 23:15:45.119, P2, 1350 MHz, 6800 MHz, 11 %, 72.49 W
2026/10/09 23:15:45.223, P2, 1350 MHz, 6800 MHz, 11 %, 73.30 W
2026/10/09 23:15:45.331, P2, 1350 MHz, 6800 MHz, 11 %, 73.24 W
2026/10/09 23:15:45.435, P2, 1350 MHz, 6800 MHz, 11 %, 73.25 W
2026/10/09 23:15:45.540, P2, 1350 MHz, 6800 MHz, 10 %, 71.87 W
2026/10/09 23:15:45.644, P2, 1350 MHz, 6800 MHz, 10 %, 69.07 W
2026/10/09 23:15:45.751, P2, 1350 MHz, 6800 MHz, 10 %, 75.26 W
2026/10/09 23:15:45.856, P2, 1350 MHz, 6800 MHz, 10 %, 71.20 W
2026/10/09 23:15:45.960, P2, 1350 MHz, 6800 MHz, 10 %, 70.92 W
2026/10/09 23:15:46.066, P2, 1350 MHz, 6800 MHz, 10 %, 72.89 W
2026/10/09 23:15:46.174, P2, 1350 MHz, 6800 MHz, 10 %, 71.22 W
2026/10/09 23:15:46.278, P2, 1350 MHz, 6800 MHz, 10 %, 71.47 W
2026/10/09 23:15:46.383, P2, 1350 MHz, 6800 MHz, 10 %, 71.70 W
2026/10/09 23:15:46.488, P2, 1350 MHz, 6800 MHz, 10 %, 71.47 W
2026/10/09 23:15:46.592, P2, 1350 MHz, 6800 MHz, 9 %, 71.21 W
2026/10/09 23:15:46.699, P2, 1350 MHz, 6800 MHz, 9 %, 72.34 W
2026/10/09 23:15:46.804, P2, 1350 MHz, 6800 MHz, 9 %, 74.17 W
2026/10/09 23:15:46.909, P2, 1350 MHz, 6800 MHz, 9 %, 71.21 W
2026/10/09 23:15:47.014, P2, 1350 MHz, 6800 MHz, 9 %, 70.35 W
2026/10/09 23:15:47.120, P2, 1350 MHz, 6800 MHz, 9 %, 70.95 W
2026/10/09 23:15:47.225, P2, 1350 MHz, 6800 MHz, 9 %, 74.18 W
2026/10/09 23:15:47.329, P2, 1350 MHz, 6800 MHz, 9 %, 71.79 W
2026/10/09 23:15:47.434, P2, 1350 MHz, 6800 MHz, 9 %, 73.24 W
2026/10/09 23:15:47.538, P2, 1350 MHz, 6800 MHz, 10 %, 71.32 W
2026/10/09 23:15:47.646, P2, 1350 MHz, 6800 MHz, 10 %, 71.53 W
2026/10/09 23:15:47.751, P2, 1350 MHz, 6800 MHz, 10 %, 75.68 W
2026/10/09 23:15:47.855, P2, 1350 MHz, 6800 MHz, 10 %, 72.02 W
2026/10/09 23:15:47.959, P2, 1350 MHz, 6800 MHz, 10 %, 71.90 W
2026/10/09 23:15:48.067, P2, 1350 MHz, 6800 MHz, 10 %, 74.29 W
2026/10/09 23:15:48.172, P2, 1350 MHz, 6800 MHz, 10 %, 71.34 W
2026/10/09 23:15:48.276, P2, 1350 MHz, 6800 MHz, 10 %, 73.33 W
2026/10/09 23:15:48.381, P2, 1350 MHz, 6800 MHz, 10 %, 73.85 W
2026/10/09 23:15:48.487, P2, 1350 MHz, 6800 MHz, 10 %, 71.64 W
2026/10/09 23:15:48.592, P2, 1350 MHz, 6800 MHz, 9 %, 74.21 W
2026/10/09 23:15:48.697, P2, 1350 MHz, 6800 MHz, 9 %, 71.76 W
2026/10/09 23:15:48.801, P2, 1350 MHz, 6800 MHz, 9 %, 71.72 W
2026/10/09 23:15:48.906, P2, 1350 MHz, 6800 MHz, 9 %, 74.35 W
2026/10/09 23:15:49.013, P2, 1350 MHz, 6800 MHz, 9 %, 74.00 W
2026/10/09 23:15:49.118, P2, 1350 MHz, 6800 MHz, 9 %, 72.02 W
2026/10/09 23:15:49.222, P2, 1350 MHz, 6800 MHz, 9 %, 73.99 W
2026/10/09 23:15:49.327, P2, 1350 MHz, 6800 MHz, 9 %, 71.74 W
2026/10/09 23:15:49.435, P2, 1350 MHz, 6800 MHz, 9 %, 74.68 W
2026/10/09 23:15:49.540, P2, 1350 MHz, 6800 MHz, 10 %, 74.84 W
2026/10/09 23:15:49.644, P2, 1350 MHz, 6800 MHz, 10 %, 74.41 W
2026/10/09 23:15:49.748, P2, 1350 MHz, 6800 MHz, 10 %, 70.40 W
2026/10/09 23:15:49.853, P2, 1350 MHz, 6800 MHz, 10 %, 70.41 W
2026/10/09 23:15:49.960, P2, 1350 MHz, 6800 MHz, 10 %, 75.68 W
2026/10/09 23:15:50.065, P2, 1350 MHz, 6800 MHz, 10 %, 73.87 W
2026/10/09 23:15:50.169, P2, 1350 MHz, 6800 MHz, 10 %, 76.06 W
2026/10/09 23:15:50.274, P2, 1350 MHz, 6800 MHz, 10 %, 70.53 W
2026/10/09 23:15:50.380, P2, 1350 MHz, 6800 MHz, 10 %, 76.54 W
2026/10/09 23:15:50.485, P2, 1350 MHz, 6800 MHz, 10 %, 76.07 W
2026/10/09 23:15:50.589, P2, 1350 MHz, 6800 MHz, 11 %, 73.86 W
2026/10/09 23:15:50.696, P2, 1350 MHz, 6800 MHz, 11 %, 71.70 W
2026/10/09 23:15:50.803, P2, 1350 MHz, 6800 MHz, 11 %, 72.13 W
2026/10/09 23:15:50.908, P2, 1350 MHz, 6800 MHz, 11 %, 76.33 W
2026/10/09 23:15:51.012, P2, 1350 MHz, 6800 MHz, 11 %, 75.26 W
2026/10/09 23:15:51.117, P2, 1350 MHz, 6800 MHz, 11 %, 74.95 W
2026/10/09 23:15:51.221, P2, 1350 MHz, 6800 MHz, 11 %, 72.66 W
2026/10/09 23:15:51.329, P2, 1350 MHz, 6800 MHz, 11 %, 76.53 W
2026/10/09 23:15:51.434, P2, 1350 MHz, 6800 MHz, 11 %, 72.00 W
2026/10/09 23:15:51.538, P2, 1350 MHz, 6800 MHz, 11 %, 72.26 W
2026/10/09 23:15:51.648, P2, 1350 MHz, 6800 MHz, 11 %, 75.62 W
2026/10/09 23:15:51.753, P2, 1350 MHz, 6800 MHz, 11 %, 71.97 W
2026/10/09 23:15:51.857, P2, 1350 MHz, 6800 MHz, 11 %, 73.71 W
2026/10/09 23:15:51.962, P2, 1350 MHz, 6800 MHz, 11 %, 74.85 W
2026/10/09 23:15:52.066, P2, 1350 MHz, 6800 MHz, 11 %, 74.13 W
2026/10/09 23:15:52.173, P2, 1350 MHz, 6800 MHz, 11 %, 73.86 W
2026/10/09 23:15:52.278, P2, 1350 MHz, 6800 MHz, 11 %, 74.14 W
2026/10/09 23:15:52.382, P2, 1350 MHz, 6800 MHz, 11 %, 76.22 W
2026/10/09 23:15:52.487, P2, 1350 MHz, 6800 MHz, 11 %, 71.70 W
2026/10/09 23:15:52.594, P2, 1350 MHz, 6800 MHz, 11 %, 76.25 W
2026/10/09 23:15:52.698, P2, 1350 MHz, 6800 MHz, 11 %, 73.99 W
2026/10/09 23:15:52.803, P2, 1350 MHz, 6800 MHz, 11 %, 75.57 W
2026/10/09 23:15:52.908, P2, 1350 MHz, 6800 MHz, 11 %, 72.14 W
2026/10/09 23:15:53.012, P2, 1350 MHz, 6800 MHz, 11 %, 72.17 W
2026/10/09 23:15:53.120, P2, 1350 MHz, 6800 MHz, 11 %, 73.72 W
2026/10/09 23:15:53.224, P2, 1350 MHz, 6800 MHz, 11 %, 73.80 W
2026/10/09 23:15:53.329, P2, 1350 MHz, 6800 MHz, 11 %, 73.20 W
2026/10/09 23:15:53.433, P2, 1350 MHz, 6800 MHz, 11 %, 73.43 W
2026/10/09 23:15:53.541, P2, 1350 MHz, 6800 MHz, 11 %, 73.93 W
2026/10/09 23:15:53.645, P2, 1350 MHz, 6800 MHz, 10 %, 73.62 W
2026/10/09 23:15:53.751, P2, 1350 MHz, 6800 MHz, 10 %, 73.33 W
2026/10/09 23:15:53.856, P2, 1350 MHz, 6800 MHz, 10 %, 73.50 W
2026/10/09 23:15:53.962, P2, 1350 MHz, 6800 MHz, 10 %, 71.01 W
2026/10/09 23:15:54.067, P2, 1350 MHz, 6800 MHz, 10 %, 74.00 W
2026/10/09 23:15:54.172, P2, 1350 MHz, 6800 MHz, 10 %, 76.19 W
2026/10/09 23:15:54.276, P2, 1350 MHz, 6800 MHz, 10 %, 74.31 W
2026/10/09 23:15:54.381, P2, 1350 MHz, 6800 MHz, 10 %, 72.06 W
2026/10/09 23:15:54.489, P2, 1350 MHz, 6800 MHz, 10 %, 75.43 W
2026/10/09 23:15:54.593, P2, 1350 MHz, 6800 MHz, 10 %, 74.96 W
2026/10/09 23:15:54.697, P2, 1350 MHz, 6800 MHz, 10 %, 75.97 W
2026/10/09 23:15:54.802, P2, 1350 MHz, 6800 MHz, 10 %, 71.92 W
2026/10/09 23:15:54.909, P2, 1350 MHz, 6800 MHz, 10 %, 76.87 W
2026/10/09 23:15:55.014, P2, 1350 MHz, 6800 MHz, 10 %, 75.07 W
2026/10/09 23:15:55.119, P2, 1350 MHz, 6800 MHz, 10 %, 71.44 W
2026/10/09 23:15:55.223, P2, 1350 MHz, 6800 MHz, 10 %, 72.43 W
2026/10/09 23:15:55.331, P2, 1350 MHz, 6800 MHz, 10 %, 77.34 W
2026/10/09 23:15:55.437, P2, 1350 MHz, 6800 MHz, 10 %, 71.58 W
2026/10/09 23:15:55.541, P2, 1350 MHz, 6800 MHz, 10 %, 75.83 W
2026/10/09 23:15:55.645, P2, 1350 MHz, 6800 MHz, 10 %, 72.70 W
2026/10/09 23:15:55.750, P2, 1350 MHz, 6800 MHz, 10 %, 76.84 W
2026/10/09 23:15:55.857, P2, 1350 MHz, 6800 MHz, 10 %, 72.57 W
2026/10/09 23:15:55.962, P2, 1350 MHz, 6800 MHz, 10 %, 76.05 W
2026/10/09 23:15:56.067, P2, 1350 MHz, 6800 MHz, 10 %, 72.26 W
2026/10/09 23:15:56.171, P2, 1350 MHz, 6800 MHz, 10 %, 74.07 W
2026/10/09 23:15:56.277, P2, 1350 MHz, 6800 MHz, 10 %, 75.71 W
2026/10/09 23:15:56.382, P2, 1350 MHz, 6800 MHz, 10 %, 70.87 W
2026/10/09 23:15:56.486, P2, 1350 MHz, 6800 MHz, 10 %, 74.17 W
2026/10/09 23:15:56.591, P2, 1350 MHz, 6800 MHz, 10 %, 76.00 W
2026/10/09 23:15:56.695, P2, 1350 MHz, 6800 MHz, 10 %, 76.40 W
2026/10/09 23:15:56.802, P2, 1350 MHz, 6800 MHz, 10 %, 74.71 W
2026/10/09 23:15:56.906, P2, 1350 MHz, 6800 MHz, 10 %, 70.78 W
2026/10/09 23:15:57.011, P2, 1350 MHz, 6800 MHz, 10 %, 76.84 W
2026/10/09 23:15:57.115, P2, 1350 MHz, 6800 MHz, 10 %, 74.70 W
2026/10/09 23:15:57.220, P2, 1350 MHz, 6800 MHz, 10 %, 73.06 W
2026/10/09 23:15:57.327, P2, 1350 MHz, 6800 MHz, 10 %, 75.77 W
2026/10/09 23:15:57.432, P2, 1350 MHz, 6800 MHz, 10 %, 74.46 W
2026/10/09 23:15:57.537, P2, 1350 MHz, 6800 MHz, 10 %, 74.22 W
2026/10/09 23:15:57.641, P2, 1350 MHz, 6800 MHz, 11 %, 74.37 W
2026/10/09 23:15:57.749, P2, 1350 MHz, 6800 MHz, 11 %, 72.35 W
2026/10/09 23:15:57.853, P2, 1350 MHz, 6800 MHz, 11 %, 76.71 W
2026/10/09 23:15:57.957, P2, 1350 MHz, 6800 MHz, 11 %, 75.02 W
2026/10/09 23:15:58.062, P2, 1350 MHz, 6800 MHz, 11 %, 72.27 W
2026/10/09 23:15:58.170, P2, 1350 MHz, 6800 MHz, 11 %, 72.67 W
2026/10/09 23:15:58.274, P2, 1350 MHz, 6800 MHz, 11 %, 77.32 W
2026/10/09 23:15:58.379, P2, 1350 MHz, 6800 MHz, 11 %, 70.34 W
2026/10/09 23:15:58.485, P2, 1350 MHz, 6800 MHz, 11 %, 72.39 W
2026/10/09 23:15:58.592, P2, 1350 MHz, 6800 MHz, 10 %, 72.56 W
2026/10/09 23:15:58.697, P2, 1350 MHz, 6800 MHz, 10 %, 72.59 W
2026/10/09 23:15:58.802, P2, 1350 MHz, 6800 MHz, 10 %, 76.00 W
2026/10/09 23:15:58.906, P2, 1350 MHz, 6800 MHz, 10 %, 72.70 W
2026/10/09 23:15:59.010, P2, 1350 MHz, 6800 MHz, 10 %, 77.24 W
2026/10/09 23:15:59.117, P2, 1350 MHz, 6800 MHz, 10 %, 72.46 W
2026/10/09 23:15:59.222, P2, 1350 MHz, 6800 MHz, 10 %, 75.21 W
2026/10/09 23:15:59.326, P2, 1350 MHz, 6800 MHz, 10 %, 72.12 W
2026/10/09 23:15:59.431, P2, 1350 MHz, 6800 MHz, 10 %, 76.34 W
2026/10/09 23:15:59.538, P2, 1350 MHz, 6800 MHz, 10 %, 73.00 W
2026/10/09 23:15:59.643, P2, 1350 MHz, 6800 MHz, 10 %, 75.36 W
2026/10/09 23:15:59.748, P2, 1350 MHz, 6800 MHz, 10 %, 76.28 W
2026/10/09 23:15:59.853, P2, 1350 MHz, 6800 MHz, 10 %, 72.39 W
2026/10/09 23:15:59.957, P2, 1350 MHz, 6800 MHz, 10 %, 76.12 W
2026/10/09 23:16:00.065, P2, 1350 MHz, 6800 MHz, 10 %, 72.51 W
2026/10/09 23:16:00.169, P2, 1350 MHz, 6800 MHz, 10 %, 77.11 W
2026/10/09 23:16:00.273, P2, 1350 MHz, 6800 MHz, 10 %, 73.92 W
2026/10/09 23:16:00.378, P2, 1350 MHz, 6800 MHz, 10 %, 74.44 W
2026/10/09 23:16:00.484, P2, 1350 MHz, 6800 MHz, 10 %, 75.83 W
2026/10/09 23:16:00.588, P2, 1350 MHz, 6800 MHz, 11 %, 72.06 W
2026/10/09 23:16:00.693, P2, 1350 MHz, 6800 MHz, 11 %, 77.07 W
2026/10/09 23:16:00.798, P2, 1350 MHz, 6800 MHz, 11 %, 74.20 W
2026/10/09 23:16:00.907, P2, 1350 MHz, 6800 MHz, 11 %, 75.25 W
2026/10/09 23:16:01.011, P2, 1350 MHz, 6800 MHz, 11 %, 71.44 W
2026/10/09 23:16:01.116, P2, 1350 MHz, 6800 MHz, 11 %, 74.10 W
2026/10/09 23:16:01.220, P2, 1350 MHz, 6800 MHz, 11 %, 74.22 W
2026/10/09 23:16:01.325, P2, 1350 MHz, 6800 MHz, 11 %, 74.46 W
2026/10/09 23:16:01.432, P2, 1350 MHz, 6800 MHz, 11 %, 74.81 W
2026/10/09 23:16:01.537, P2, 1350 MHz, 6800 MHz, 11 %, 75.19 W
2026/10/09 23:16:01.642, P2, 1350 MHz, 6800 MHz, 9 %, 73.93 W
2026/10/09 23:16:01.746, P2, 1350 MHz, 6800 MHz, 9 %, 76.91 W
2026/10/09 23:16:01.854, P2, 1350 MHz, 6800 MHz, 9 %, 71.67 W
2026/10/09 23:16:01.958, P2, 1350 MHz, 6800 MHz, 9 %, 75.99 W
2026/10/09 23:16:02.064, P2, 1350 MHz, 6800 MHz, 9 %, 74.50 W
2026/10/09 23:16:02.168, P2, 1350 MHz, 6800 MHz, 9 %, 75.62 W
2026/10/09 23:16:02.276, P2, 1350 MHz, 6800 MHz, 9 %, 73.64 W
2026/10/09 23:16:02.380, P2, 1350 MHz, 6800 MHz, 9 %, 74.59 W
2026/10/09 23:16:02.485, P2, 1350 MHz, 6800 MHz, 9 %, 75.88 W
2026/10/09 23:16:02.589, P2, 1350 MHz, 6800 MHz, 9 %, 74.84 W
2026/10/09 23:16:02.694, P2, 1350 MHz, 6800 MHz, 11 %, 75.28 W
2026/10/09 23:16:02.801, P2, 1350 MHz, 6800 MHz, 11 %, 73.09 W
2026/10/09 23:16:02.906, P2, 1350 MHz, 6800 MHz, 11 %, 76.73 W
2026/10/09 23:16:03.010, P2, 1350 MHz, 6800 MHz, 11 %, 75.19 W
2026/10/09 23:16:03.115, P2, 1350 MHz, 6800 MHz, 11 %, 73.25 W
2026/10/09 23:16:03.220, P2, 1350 MHz, 6800 MHz, 11 %, 73.38 W
2026/10/09 23:16:03.325, P2, 1350 MHz, 6800 MHz, 11 %, 77.58 W
2026/10/09 23:16:03.430, P2, 1350 MHz, 6800 MHz, 11 %, 74.77 W
2026/10/09 23:16:03.534, P2, 1350 MHz, 6800 MHz, 11 %, 74.82 W
2026/10/09 23:16:03.638, P2, 1350 MHz, 6800 MHz, 10 %, 72.66 W
2026/10/09 23:16:03.746, P2, 1350 MHz, 6800 MHz, 10 %, 75.81 W
2026/10/09 23:16:03.851, P2, 1350 MHz, 6800 MHz, 10 %, 75.01 W
2026/10/09 23:16:03.956, P2, 1350 MHz, 6800 MHz, 10 %, 71.14 W
2026/10/09 23:16:04.060, P2, 1350 MHz, 6800 MHz, 10 %, 70.32 W
2026/10/09 23:16:04.166, P2, 1350 MHz, 6800 MHz, 10 %, 68.32 W
2026/10/09 23:16:04.271, P2, 1350 MHz, 6800 MHz, 10 %, 74.41 W
2026/10/09 23:16:04.376, P2, 1350 MHz, 6800 MHz, 10 %, 74.91 W
2026/10/09 23:16:04.481, P2, 1350 MHz, 6800 MHz, 10 %, 72.57 W
2026/10/09 23:16:04.585, P2, 1350 MHz, 6800 MHz, 10 %, 76.56 W
2026/10/09 23:16:04.692, P2, 1350 MHz, 6800 MHz, 8 %, 72.53 W
2026/10/09 23:16:04.796, P2, 1350 MHz, 6800 MHz, 8 %, 74.70 W
2026/10/09 23:16:04.901, P2, 1350 MHz, 6800 MHz, 8 %, 77.35 W
2026/10/09 23:16:05.005, P2, 1350 MHz, 6800 MHz, 8 %, 72.75 W
2026/10/09 23:16:05.112, P2, 1350 MHz, 6800 MHz, 8 %, 74.74 W
2026/10/09 23:16:05.217, P2, 1350 MHz, 6800 MHz, 8 %, 74.93 W
2026/10/09 23:16:05.323, P2, 1350 MHz, 6800 MHz, 8 %, 78.32 W
2026/10/09 23:16:05.427, P2, 1350 MHz, 6800 MHz, 8 %, 79.48 W
2026/10/09 23:16:05.532, P2, 1350 MHz, 6800 MHz, 8 %, 71.08 W
2026/10/09 23:16:05.638, P2, 1350 MHz, 6800 MHz, 11 %, 76.82 W
2026/10/09 23:16:05.743, P2, 1350 MHz, 6800 MHz, 11 %, 72.79 W
2026/10/09 23:16:05.847, P2, 1350 MHz, 6800 MHz, 11 %, 76.90 W
2026/10/09 23:16:05.952, P2, 1350 MHz, 6800 MHz, 11 %, 75.25 W
2026/10/09 23:16:06.056, P2, 1350 MHz, 6800 MHz, 11 %, 75.54 W
2026/10/09 23:16:06.162, P2, 1350 MHz, 6800 MHz, 11 %, 76.38 W
2026/10/09 23:16:06.267, P2, 1350 MHz, 6800 MHz, 11 %, 73.04 W
2026/10/09 23:16:06.371, P2, 1350 MHz, 6800 MHz, 11 %, 72.62 W
2026/10/09 23:16:06.476, P2, 1350 MHz, 6800 MHz, 11 %, 73.95 W
2026/10/09 23:16:06.580, P2, 1350 MHz, 6800 MHz, 11 %, 76.93 W
2026/10/09 23:16:06.686, P2, 1350 MHz, 6800 MHz, 10 %, 72.66 W
2026/10/09 23:16:06.791, P2, 1350 MHz, 6800 MHz, 10 %, 76.38 W
2026/10/09 23:16:06.896, P2, 1350 MHz, 6800 MHz, 10 %, 75.04 W
2026/10/09 23:16:07.000, P2, 1350 MHz, 6800 MHz, 10 %, 72.65 W
2026/10/09 23:16:07.107, P2, 1350 MHz, 6800 MHz, 10 %, 73.35 W
2026/10/09 23:16:07.212, P2, 1350 MHz, 6800 MHz, 10 %, 77.75 W
2026/10/09 23:16:07.316, P2, 1350 MHz, 6800 MHz, 10 %, 73.24 W
2026/10/09 23:16:07.421, P2, 1350 MHz, 6800 MHz, 10 %, 76.33 W
2026/10/09 23:16:07.525, P2, 1350 MHz, 6800 MHz, 10 %, 71.39 W
2026/10/09 23:16:07.633, P2, 1350 MHz, 6800 MHz, 10 %, 78.32 W
2026/10/09 23:16:07.737, P2, 1350 MHz, 6800 MHz, 10 %, 72.44 W
2026/10/09 23:16:07.842, P2, 1350 MHz, 6800 MHz, 10 %, 77.25 W
2026/10/09 23:16:07.947, P2, 1350 MHz, 6800 MHz, 10 %, 74.81 W
2026/10/09 23:16:08.055, P2, 1350 MHz, 6800 MHz, 10 %, 75.64 W
2026/10/09 23:16:08.159, P2, 1350 MHz, 6800 MHz, 10 %, 72.96 W
2026/10/09 23:16:08.264, P2, 1350 MHz, 6800 MHz, 10 %, 76.43 W
2026/10/09 23:16:08.368, P2, 1350 MHz, 6800 MHz, 10 %, 73.14 W
2026/10/09 23:16:08.473, P2, 1350 MHz, 6800 MHz, 10 %, 74.55 W
2026/10/09 23:16:08.580, P2, 1350 MHz, 6800 MHz, 10 %, 68.69 W
2026/10/09 23:16:08.685, P2, 1350 MHz, 6800 MHz, 11 %, 74.72 W
2026/10/09 23:16:08.790, P2, 1350 MHz, 6800 MHz, 11 %, 74.38 W
2026/10/09 23:16:08.894, P2, 1350 MHz, 6800 MHz, 11 %, 74.34 W
2026/10/09 23:16:09.003, P2, 1350 MHz, 6800 MHz, 11 %, 74.64 W
2026/10/09 23:16:09.108, P2, 1350 MHz, 6800 MHz, 11 %, 74.43 W
2026/10/09 23:16:09.213, P2, 1350 MHz, 6800 MHz, 11 %, 74.24 W
2026/10/09 23:16:09.317, P2, 1350 MHz, 6800 MHz, 11 %, 75.34 W
2026/10/09 23:16:09.425, P2, 1350 MHz, 6800 MHz, 11 %, 75.69 W
2026/10/09 23:16:09.529, P2, 1350 MHz, 6800 MHz, 11 %, 78.43 W
2026/10/09 23:16:09.634, P2, 1350 MHz, 6800 MHz, 11 %, 77.23 W
2026/10/09 23:16:09.738, P2, 1350 MHz, 6800 MHz, 15 %, 76.44 W
2026/10/09 23:16:09.843, P2, 1350 MHz, 6800 MHz, 15 %, 75.56 W
2026/10/09 23:16:09.952, P2, 1350 MHz, 6800 MHz, 15 %, 77.61 W
2026/10/09 23:16:10.057, P2, 1350 MHz, 6800 MHz, 15 %, 75.85 W
2026/10/09 23:16:10.162, P2, 1350 MHz, 6800 MHz, 15 %, 75.75 W
2026/10/09 23:16:10.267, P2, 1350 MHz, 6800 MHz, 15 %, 76.48 W
2026/10/09 23:16:10.372, P2, 1350 MHz, 6800 MHz, 15 %, 72.47 W
2026/10/09 23:16:10.476, P2, 1350 MHz, 6800 MHz, 15 %, 75.80 W
2026/10/09 23:16:10.581, P2, 1350 MHz, 6800 MHz, 15 %, 75.63 W
2026/10/09 23:16:10.686, P2, 1350 MHz, 6800 MHz, 12 %, 75.93 W
2026/10/09 23:16:10.791, P2, 1350 MHz, 6800 MHz, 12 %, 76.16 W
2026/10/09 23:16:10.896, P2, 1350 MHz, 6800 MHz, 12 %, 73.10 W
2026/10/09 23:16:11.000, P2, 1350 MHz, 6800 MHz, 12 %, 74.99 W
2026/10/09 23:16:11.105, P2, 1350 MHz, 6800 MHz, 12 %, 77.46 W
2026/10/09 23:16:11.209, P2, 1350 MHz, 6800 MHz, 12 %, 75.46 W
2026/10/09 23:16:11.316, P2, 1350 MHz, 6800 MHz, 12 %, 75.69 W
2026/10/09 23:16:11.422, P2, 1350 MHz, 6800 MHz, 12 %, 74.85 W
2026/10/09 23:16:11.527, P2, 1350 MHz, 6800 MHz, 12 %, 74.99 W
2026/10/09 23:16:11.631, P2, 1350 MHz, 6800 MHz, 12 %, 78.47 W
2026/10/09 23:16:11.739, P2, 1350 MHz, 6800 MHz, 11 %, 75.16 W
2026/10/09 23:16:11.844, P2, 1350 MHz, 6800 MHz, 11 %, 76.45 W
2026/10/09 23:16:11.948, P2, 1350 MHz, 6800 MHz, 11 %, 75.74 W
2026/10/09 23:16:12.052, P2, 1350 MHz, 6800 MHz, 11 %, 74.91 W
2026/10/09 23:16:12.157, P2, 1350 MHz, 6800 MHz, 11 %, 73.58 W
2026/10/09 23:16:12.262, P2, 1350 MHz, 6800 MHz, 11 %, 77.81 W
2026/10/09 23:16:12.367, P2, 1350 MHz, 6800 MHz, 11 %, 76.25 W
2026/10/09 23:16:12.472, P2, 1350 MHz, 6800 MHz, 11 %, 75.14 W
2026/10/09 23:16:12.576, P2, 1350 MHz, 6800 MHz, 11 %, 73.74 W
2026/10/09 23:16:12.683, P2, 1350 MHz, 6800 MHz, 12 %, 76.15 W
2026/10/09 23:16:12.787, P2, 1350 MHz, 6800 MHz, 12 %, 76.93 W
2026/10/09 23:16:12.892, P2, 1350 MHz, 6800 MHz, 12 %, 74.66 W
2026/10/09 23:16:12.997, P2, 1350 MHz, 6800 MHz, 12 %, 76.71 W
2026/10/09 23:16:13.101, P2, 1350 MHz, 6800 MHz, 12 %, 72.07 W
2026/10/09 23:16:13.208, P2, 1350 MHz, 6800 MHz, 12 %, 77.33 W
2026/10/09 23:16:13.313, P2, 1350 MHz, 6800 MHz, 12 %, 73.38 W
2026/10/09 23:16:13.417, P2, 1350 MHz, 6800 MHz, 12 %, 77.47 W
2026/10/09 23:16:13.522, P2, 1350 MHz, 6800 MHz, 12 %, 73.32 W
2026/10/09 23:16:13.630, P2, 1350 MHz, 6800 MHz, 12 %, 76.09 W
2026/10/09 23:16:13.735, P2, 1350 MHz, 6800 MHz, 11 %, 75.44 W
2026/10/09 23:16:13.840, P2, 1350 MHz, 6800 MHz, 11 %, 75.04 W
2026/10/09 23:16:13.945, P2, 1350 MHz, 6800 MHz, 11 %, 75.44 W
2026/10/09 23:16:14.053, P2, 1350 MHz, 6800 MHz, 11 %, 75.85 W
2026/10/09 23:16:14.157, P2, 1350 MHz, 6800 MHz, 11 %, 77.47 W
2026/10/09 23:16:14.262, P2, 1350 MHz, 6800 MHz, 11 %, 73.58 W
2026/10/09 23:16:14.366, P2, 1350 MHz, 6800 MHz, 11 %, 77.10 W
2026/10/09 23:16:14.471, P2, 1350 MHz, 6800 MHz, 11 %, 75.60 W
2026/10/09 23:16:14.579, P2, 1350 MHz, 6800 MHz, 11 %, 75.17 W
2026/10/09 23:16:14.683, P2, 1350 MHz, 6800 MHz, 11 %, 77.47 W
2026/10/09 23:16:14.788, P2, 1350 MHz, 6800 MHz, 11 %, 71.38 W
2026/10/09 23:16:14.893, P2, 1350 MHz, 6800 MHz, 11 %, 77.30 W
2026/10/09 23:16:14.999, P2, 1350 MHz, 6800 MHz, 11 %, 73.14 W
2026/10/09 23:16:15.104, P2, 1350 MHz, 6800 MHz, 11 %, 78.76 W
2026/10/09 23:16:15.209, P2, 1350 MHz, 6800 MHz, 11 %, 75.34 W
2026/10/09 23:16:15.313, P2, 1350 MHz, 6800 MHz, 11 %, 72.92 W
2026/10/09 23:16:15.421, P2, 1350 MHz, 6800 MHz, 11 %, 77.21 W
2026/10/09 23:16:15.525, P2, 1350 MHz, 6800 MHz, 11 %, 73.13 W
2026/10/09 23:16:15.630, P2, 1350 MHz, 6800 MHz, 11 %, 77.83 W
2026/10/09 23:16:15.734, P2, 1350 MHz, 6800 MHz, 12 %, 74.84 W
2026/10/09 23:16:15.838, P2, 1350 MHz, 6800 MHz, 12 %, 74.98 W
2026/10/09 23:16:15.945, P2, 1350 MHz, 6800 MHz, 12 %, 74.15 W
2026/10/09 23:16:16.050, P2, 1350 MHz, 6800 MHz, 12 %, 74.57 W
2026/10/09 23:16:16.155, P2, 1350 MHz, 6800 MHz, 12 %, 74.43 W
2026/10/09 23:16:16.259, P2, 1350 MHz, 6800 MHz, 12 %, 74.16 W
2026/10/09 23:16:16.367, P2, 1350 MHz, 6800 MHz, 12 %, 74.50 W
2026/10/09 23:16:16.471, P2, 1350 MHz, 6800 MHz, 12 %, 74.76 W
2026/10/09 23:16:16.576, P2, 1350 MHz, 6800 MHz, 12 %, 74.53 W
2026/10/09 23:16:16.680, P2, 1350 MHz, 6800 MHz, 12 %, 74.42 W
2026/10/09 23:16:16.785, P2, 1350 MHz, 6800 MHz, 10 %, 75.59 W
2026/10/09 23:16:16.892, P2, 1350 MHz, 6800 MHz, 10 %, 75.75 W
2026/10/09 23:16:16.997, P2, 1350 MHz, 6800 MHz, 10 %, 76.04 W
2026/10/09 23:16:17.102, P2, 1350 MHz, 6800 MHz, 10 %, 72.46 W
2026/10/09 23:16:17.206, P2, 1350 MHz, 6800 MHz, 10 %, 77.08 W
2026/10/09 23:16:17.315, P2, 1350 MHz, 6800 MHz, 10 %, 73.19 W
2026/10/09 23:16:17.419, P2, 1350 MHz, 6800 MHz, 10 %, 73.77 W
2026/10/09 23:16:17.524, P2, 1350 MHz, 6800 MHz, 10 %, 76.76 W
2026/10/09 23:16:17.628, P2, 1350 MHz, 6800 MHz, 10 %, 74.68 W
2026/10/09 23:16:17.733, P2, 1350 MHz, 6800 MHz, 11 %, 72.78 W
2026/10/09 23:16:17.840, P2, 1350 MHz, 6800 MHz, 11 %, 77.22 W
2026/10/09 23:16:17.945, P2, 1350 MHz, 6800 MHz, 11 %, 78.08 W
2026/10/09 23:16:18.049, P2, 1350 MHz, 6800 MHz, 11 %, 74.11 W
2026/10/09 23:16:18.153, P2, 1350 MHz, 6800 MHz, 11 %, 75.50 W
2026/10/09 23:16:18.260, P2, 1350 MHz, 6800 MHz, 11 %, 73.63 W
2026/10/09 23:16:18.365, P2, 1350 MHz, 6800 MHz, 11 %, 76.50 W
2026/10/09 23:16:18.469, P2, 1350 MHz, 6800 MHz, 11 %, 74.50 W
2026/10/09 23:16:18.574, P2, 1350 MHz, 6800 MHz, 11 %, 75.28 W
2026/10/09 23:16:18.682, P2, 1350 MHz, 6800 MHz, 11 %, 76.42 W
2026/10/09 23:16:18.786, P2, 1350 MHz, 6800 MHz, 12 %, 72.50 W
2026/10/09 23:16:18.891, P2, 1350 MHz, 6800 MHz, 12 %, 74.85 W
2026/10/09 23:16:18.995, P2, 1350 MHz, 6800 MHz, 12 %, 74.39 W
2026/10/09 23:16:19.100, P2, 1350 MHz, 6800 MHz, 12 %, 75.02 W
2026/10/09 23:16:19.208, P2, 1350 MHz, 6800 MHz, 12 %, 76.26 W
2026/10/09 23:16:19.313, P2, 1350 MHz, 6800 MHz, 12 %, 73.84 W
2026/10/09 23:16:19.418, P2, 1350 MHz, 6800 MHz, 12 %, 75.61 W
2026/10/09 23:16:19.522, P2, 1350 MHz, 6800 MHz, 12 %, 72.18 W
2026/10/09 23:16:19.629, P2, 1350 MHz, 6800 MHz, 12 %, 75.68 W
2026/10/09 23:16:19.734, P2, 1350 MHz, 6800 MHz, 11 %, 72.48 W
2026/10/09 23:16:19.839, P2, 1350 MHz, 6800 MHz, 11 %, 75.90 W
2026/10/09 23:16:19.943, P2, 1350 MHz, 6800 MHz, 11 %, 76.10 W
2026/10/09 23:16:20.051, P2, 1350 MHz, 6800 MHz, 11 %, 72.54 W
2026/10/09 23:16:20.155, P2, 1350 MHz, 6800 MHz, 11 %, 75.35 W
2026/10/09 23:16:20.260, P2, 1350 MHz, 6800 MHz, 11 %, 75.70 W
2026/10/09 23:16:20.364, P2, 1350 MHz, 6800 MHz, 11 %, 74.86 W
2026/10/09 23:16:20.469, P2, 1350 MHz, 6800 MHz, 11 %, 74.82 W
2026/10/09 23:16:20.576, P2, 1350 MHz, 6800 MHz, 11 %, 73.64 W
2026/10/09 23:16:20.681, P2, 1350 MHz, 6800 MHz, 11 %, 75.11 W
2026/10/09 23:16:20.785, P2, 1350 MHz, 6800 MHz, 12 %, 76.80 W
2026/10/09 23:16:20.890, P2, 1350 MHz, 6800 MHz, 12 %, 76.41 W
2026/10/09 23:16:20.997, P2, 1350 MHz, 6800 MHz, 12 %, 74.60 W
2026/10/09 23:16:21.102, P2, 1350 MHz, 6800 MHz, 12 %, 75.67 W
2026/10/09 23:16:21.207, P2, 1350 MHz, 6800 MHz, 12 %, 76.38 W
2026/10/09 23:16:21.311, P2, 1350 MHz, 6800 MHz, 12 %, 74.70 W
2026/10/09 23:16:21.423, P2, 1350 MHz, 6800 MHz, 12 %, 72.98 W
2026/10/09 23:16:21.527, P2, 1350 MHz, 6800 MHz, 12 %, 77.78 W
2026/10/09 23:16:21.631, P2, 1350 MHz, 6800 MHz, 12 %, 75.69 W
2026/10/09 23:16:21.736, P2, 1350 MHz, 6800 MHz, 12 %, 75.27 W
2026/10/09 23:16:21.843, P2, 1350 MHz, 6800 MHz, 12 %, 75.33 W
2026/10/09 23:16:21.948, P2, 1350 MHz, 6800 MHz, 12 %, 76.93 W
2026/10/09 23:16:22.052, P2, 1350 MHz, 6800 MHz, 12 %, 73.04 W
2026/10/09 23:16:22.157, P2, 1350 MHz, 6800 MHz, 12 %, 75.75 W
2026/10/09 23:16:22.264, P2, 1350 MHz, 6800 MHz, 12 %, 74.93 W
2026/10/09 23:16:22.369, P2, 1350 MHz, 6800 MHz, 12 %, 75.54 W
2026/10/09 23:16:22.473, P2, 1350 MHz, 6800 MHz, 12 %, 72.94 W
2026/10/09 23:16:22.578, P2, 1350 MHz, 6800 MHz, 12 %, 73.78 W
2026/10/09 23:16:22.683, P2, 1350 MHz, 6800 MHz, 12 %, 72.75 W
2026/10/09 23:16:22.793, P2, 1350 MHz, 6800 MHz, 10 %, 74.56 W
2026/10/09 23:16:22.897, P2, 1350 MHz, 6800 MHz, 10 %, 74.25 W
2026/10/09 23:16:23.002, P2, 1350 MHz, 6800 MHz, 10 %, 73.81 W
2026/10/09 23:16:23.109, P2, 1350 MHz, 6800 MHz, 10 %, 74.28 W
2026/10/09 23:16:23.215, P2, 1350 MHz, 6800 MHz, 10 %, 74.32 W
2026/10/09 23:16:23.319, P2, 1350 MHz, 6800 MHz, 10 %, 74.47 W
2026/10/09 23:16:23.424, P2, 1350 MHz, 6800 MHz, 10 %, 74.09 W
2026/10/09 23:16:23.532, P2, 1350 MHz, 6800 MHz, 10 %, 72.85 W
2026/10/09 23:16:23.639, P2, 1350 MHz, 6800 MHz, 10 %, 76.63 W
2026/10/09 23:16:23.744, P2, 1350 MHz, 6800 MHz, 9 %, 71.21 W
2026/10/09 23:16:23.849, P2, 1350 MHz, 6800 MHz, 9 %, 76.46 W
2026/10/09 23:16:23.956, P2, 1350 MHz, 6800 MHz, 9 %, 72.71 W
2026/10/09 23:16:24.061, P2, 1350 MHz, 6800 MHz, 9 %, 76.99 W
2026/10/09 23:16:24.165, P2, 1350 MHz, 6800 MHz, 9 %, 71.24 W
2026/10/09 23:16:24.270, P2, 1350 MHz, 6800 MHz, 9 %, 77.85 W
2026/10/09 23:16:24.377, P2, 1350 MHz, 6800 MHz, 9 %, 72.92 W
2026/10/09 23:16:24.482, P2, 1350 MHz, 6800 MHz, 9 %, 75.02 W
2026/10/09 23:16:24.586, P2, 1350 MHz, 6800 MHz, 9 %, 77.29 W
2026/10/09 23:16:24.692, P2, 1350 MHz, 6800 MHz, 9 %, 74.33 W
2026/10/09 23:16:24.796, P2, 1350 MHz, 6800 MHz, 11 %, 76.46 W
2026/10/09 23:16:24.908, P2, 1350 MHz, 6800 MHz, 11 %, 75.66 W
2026/10/09 23:16:25.012, P2, 1350 MHz, 6800 MHz, 11 %, 75.39 W
2026/10/09 23:16:25.117, P2, 1350 MHz, 6800 MHz, 11 %, 75.96 W
2026/10/09 23:16:25.224, P2, 1350 MHz, 6800 MHz, 11 %, 72.73 W
2026/10/09 23:16:25.329, P2, 1350 MHz, 6800 MHz, 11 %, 76.27 W
2026/10/09 23:16:25.434, P2, 1350 MHz, 6800 MHz, 11 %, 74.44 W
2026/10/09 23:16:25.538, P2, 1350 MHz, 6800 MHz, 11 %, 73.10 W
2026/10/09 23:16:25.646, P2, 1350 MHz, 6800 MHz, 11 %, 74.99 W
2026/10/09 23:16:25.750, P2, 1350 MHz, 6800 MHz, 11 %, 74.18 W
2026/10/09 23:16:25.855, P2, 1350 MHz, 6800 MHz, 11 %, 75.72 W
2026/10/09 23:16:25.959, P2, 1350 MHz, 6800 MHz, 11 %, 74.95 W
2026/10/09 23:16:26.068, P2, 1350 MHz, 6800 MHz, 11 %, 76.03 W
2026/10/09 23:16:26.173, P2, 1350 MHz, 6800 MHz, 11 %, 74.98 W
2026/10/09 23:16:26.278, P2, 1350 MHz, 6800 MHz, 11 %, 72.59 W
2026/10/09 23:16:26.382, P2, 1350 MHz, 6800 MHz, 11 %, 76.50 W
2026/10/09 23:16:26.486, P2, 1350 MHz, 6800 MHz, 11 %, 72.58 W
2026/10/09 23:16:26.594, P2, 1350 MHz, 6800 MHz, 11 %, 75.94 W
2026/10/09 23:16:26.699, P2, 1350 MHz, 6800 MHz, 11 %, 72.47 W
2026/10/09 23:16:26.803, P2, 1350 MHz, 6800 MHz, 11 %, 76.98 W
2026/10/09 23:16:26.908, P2, 1350 MHz, 6800 MHz, 11 %, 75.79 W
2026/10/09 23:16:27.012, P2, 1350 MHz, 6800 MHz, 11 %, 75.50 W
2026/10/09 23:16:27.124, P2, 1350 MHz, 6800 MHz, 11 %, 71.65 W
2026/10/09 23:16:27.230, P2, 1350 MHz, 6800 MHz, 11 %, 76.60 W
2026/10/09 23:16:27.335, P2, 1350 MHz, 6800 MHz, 11 %, 73.75 W
2026/10/09 23:16:27.442, P2, 1350 MHz, 6800 MHz, 11 %, 76.89 W
2026/10/09 23:16:27.547, P2, 1350 MHz, 6800 MHz, 11 %, 75.93 W
2026/10/09 23:16:27.652, P2, 1350 MHz, 6800 MHz, 11 %, 76.74 W
2026/10/09 23:16:27.757, P2, 1350 MHz, 6800 MHz, 12 %, 75.57 W
2026/10/09 23:16:27.864, P2, 1350 MHz, 6800 MHz, 12 %, 75.73 W
2026/10/09 23:16:27.969, P2, 1350 MHz, 6800 MHz, 12 %, 75.60 W
2026/10/09 23:16:28.074, P2, 1350 MHz, 6800 MHz, 12 %, 75.94 W
2026/10/09 23:16:28.178, P2, 1350 MHz, 6800 MHz, 12 %, 74.79 W
2026/10/09 23:16:28.283, P2, 1350 MHz, 6800 MHz, 12 %, 74.32 W
2026/10/09 23:16:28.390, P2, 1350 MHz, 6800 MHz, 12 %, 73.05 W
2026/10/09 23:16:28.495, P2, 1350 MHz, 6800 MHz, 12 %, 75.47 W
2026/10/09 23:16:28.599, P2, 1350 MHz, 6800 MHz, 12 %, 74.71 W
2026/10/09 23:16:28.704, P2, 1350 MHz, 6800 MHz, 12 %, 74.54 W
2026/10/09 23:16:28.812, P2, 1350 MHz, 6800 MHz, 11 %, 75.83 W
2026/10/09 23:16:28.916, P2, 1350 MHz, 6800 MHz, 11 %, 72.72 W
2026/10/09 23:16:29.021, P2, 1350 MHz, 6800 MHz, 11 %, 75.40 W
2026/10/09 23:16:29.125, P2, 1350 MHz, 6800 MHz, 11 %, 74.35 W
2026/10/09 23:16:29.230, P2, 1350 MHz, 6800 MHz, 11 %, 72.51 W
2026/10/09 23:16:29.340, P2, 1350 MHz, 6800 MHz, 11 %, 76.13 W
2026/10/09 23:16:29.445, P2, 1350 MHz, 6800 MHz, 11 %, 74.25 W
2026/10/09 23:16:29.550, P2, 1350 MHz, 6800 MHz, 11 %, 71.09 W
2026/10/09 23:16:29.654, P2, 1350 MHz, 6800 MHz, 11 %, 73.99 W
2026/10/09 23:16:29.762, P2, 1350 MHz, 6800 MHz, 11 %, 72.36 W
2026/10/09 23:16:29.866, P2, 1350 MHz, 6800 MHz, 10 %, 69.37 W
2026/10/09 23:16:29.971, P2, 1350 MHz, 6800 MHz, 10 %, 73.78 W
2026/10/09 23:16:30.075, P2, 1350 MHz, 6800 MHz, 10 %, 73.97 W
2026/10/09 23:16:30.180, P2, 1350 MHz, 6800 MHz, 10 %, 73.83 W
2026/10/09 23:16:30.288, P2, 1350 MHz, 6800 MHz, 10 %, 73.99 W
2026/10/09 23:16:30.392, P2, 1350 MHz, 6800 MHz, 10 %, 67.81 W
2026/10/09 23:16:30.497, P2, 1350 MHz, 6800 MHz, 10 %, 77.67 W
2026/10/09 23:16:30.601, P2, 1350 MHz, 6800 MHz, 10 %, 70.13 W
2026/10/09 23:16:30.706, P2, 1350 MHz, 6800 MHz, 10 %, 76.03 W
2026/10/09 23:16:30.812, P2, 1350 MHz, 6800 MHz, 12 %, 72.70 W
2026/10/09 23:16:30.917, P2, 1350 MHz, 6800 MHz, 12 %, 72.67 W
2026/10/09 23:16:31.021, P2, 1350 MHz, 6800 MHz, 12 %, 74.62 W
2026/10/09 23:16:31.126, P2, 1350 MHz, 6800 MHz, 12 %, 71.79 W
2026/10/09 23:16:31.230, P2, 1350 MHz, 6800 MHz, 12 %, 72.23 W
2026/10/09 23:16:31.337, P2, 1350 MHz, 6800 MHz, 12 %, 72.94 W
2026/10/09 23:16:31.441, P2, 1350 MHz, 6800 MHz, 12 %, 74.77 W
2026/10/09 23:16:31.546, P2, 1350 MHz, 6800 MHz, 12 %, 72.72 W
2026/10/09 23:16:31.650, P2, 1350 MHz, 6800 MHz, 12 %, 72.72 W
2026/10/09 23:16:31.755, P2, 1350 MHz, 6800 MHz, 12 %, 73.05 W
2026/10/09 23:16:31.865, P2, 1350 MHz, 6800 MHz, 9 %, 73.11 W
2026/10/09 23:16:31.969, P2, 1350 MHz, 6800 MHz, 9 %, 72.93 W
2026/10/09 23:16:32.074, P2, 1350 MHz, 6800 MHz, 9 %, 77.62 W
2026/10/09 23:16:32.178, P2, 1350 MHz, 6800 MHz, 9 %, 72.80 W
2026/10/09 23:16:32.286, P2, 1350 MHz, 6800 MHz, 9 %, 72.99 W
2026/10/09 23:16:32.390, P2, 1350 MHz, 6800 MHz, 9 %, 74.43 W
2026/10/09 23:16:32.495, P2, 1350 MHz, 6800 MHz, 9 %, 72.64 W
2026/10/09 23:16:32.599, P2, 1350 MHz, 6800 MHz, 9 %, 73.03 W
2026/10/09 23:16:32.708, P2, 1350 MHz, 6800 MHz, 9 %, 73.02 W
2026/10/09 23:16:32.812, P2, 1350 MHz, 6800 MHz, 10 %, 76.70 W
2026/10/09 23:16:32.918, P2, 1350 MHz, 6800 MHz, 10 %, 74.53 W
2026/10/09 23:16:33.022, P2, 1350 MHz, 6800 MHz, 10 %, 72.35 W
2026/10/09 23:16:33.127, P2, 1350 MHz, 6800 MHz, 10 %, 75.47 W
2026/10/09 23:16:33.235, P2, 1350 MHz, 6800 MHz, 10 %, 72.77 W
2026/10/09 23:16:33.340, P2, 1350 MHz, 6800 MHz, 10 %, 72.99 W
2026/10/09 23:16:33.444, P2, 1350 MHz, 6800 MHz, 10 %, 73.23 W
2026/10/09 23:16:33.549, P2, 1350 MHz, 6800 MHz, 10 %, 77.82 W
2026/10/09 23:16:33.656, P2, 1350 MHz, 6800 MHz, 10 %, 73.55 W
2026/10/09 23:16:33.760, P2, 1350 MHz, 6800 MHz, 10 %, 72.89 W
2026/10/09 23:16:33.865, P2, 1350 MHz, 6800 MHz, 11 %, 72.61 W
2026/10/09 23:16:33.970, P2, 1350 MHz, 6800 MHz, 11 %, 72.42 W
2026/10/09 23:16:34.075, P2, 1350 MHz, 6800 MHz, 11 %, 74.41 W
2026/10/09 23:16:34.184, P2, 1350 MHz, 6800 MHz, 11 %, 74.73 W
2026/10/09 23:16:34.290, P2, 1350 MHz, 6800 MHz, 11 %, 73.64 W
2026/10/09 23:16:34.394, P2, 1350 MHz, 6800 MHz, 11 %, 73.64 W
2026/10/09 23:16:34.502, P2, 1350 MHz, 6800 MHz, 11 %, 71.37 W
2026/10/09 23:16:34.606, P2, 1350 MHz, 6800 MHz, 11 %, 71.47 W
2026/10/09 23:16:34.711, P2, 1350 MHz, 6800 MHz, 11 %, 68.59 W
2026/10/09 23:16:34.816, P2, 1350 MHz, 6800 MHz, 10 %, 68.20 W
2026/10/09 23:16:34.924, P2, 1350 MHz, 6800 MHz, 10 %, 74.55 W
2026/10/09 23:16:35.028, P2, 1350 MHz, 6800 MHz, 10 %, 73.43 W
2026/10/09 23:16:35.132, P2, 1350 MHz, 6800 MHz, 10 %, 71.57 W
2026/10/09 23:16:35.237, P2, 1350 MHz, 6800 MHz, 10 %, 73.90 W
2026/10/09 23:16:35.341, P2, 1350 MHz, 6800 MHz, 10 %, 70.73 W
2026/10/09 23:16:35.448, P2, 1350 MHz, 6800 MHz, 10 %, 74.25 W
2026/10/09 23:16:35.553, P2, 1350 MHz, 6800 MHz, 10 %, 71.82 W
2026/10/09 23:16:35.657, P2, 1350 MHz, 6800 MHz, 10 %, 71.16 W
2026/10/09 23:16:35.762, P2, 1350 MHz, 6800 MHz, 10 %, 73.89 W
2026/10/09 23:16:35.866, P2, 1350 MHz, 6800 MHz, 10 %, 74.13 W
2026/10/09 23:16:35.974, P2, 1350 MHz, 6800 MHz, 10 %, 73.83 W
2026/10/09 23:16:36.078, P2, 1350 MHz, 6800 MHz, 10 %, 73.95 W
2026/10/09 23:16:36.183, P2, 1350 MHz, 6800 MHz, 10 %, 71.58 W
2026/10/09 23:16:36.288, P2, 1350 MHz, 6800 MHz, 10 %, 74.26 W
2026/10/09 23:16:36.394, P2, 1350 MHz, 6800 MHz, 10 %, 73.23 W
2026/10/09 23:16:36.498, P2, 1350 MHz, 6800 MHz, 10 %, 74.37 W
2026/10/09 23:16:36.603, P2, 1350 MHz, 6800 MHz, 10 %, 72.36 W
2026/10/09 23:16:36.707, P2, 1350 MHz, 6800 MHz, 10 %, 72.15 W
2026/10/09 23:16:36.812, P2, 1350 MHz, 6800 MHz, 10 %, 72.07 W
2026/10/09 23:16:36.919, P2, 1350 MHz, 6800 MHz, 10 %, 77.93 W
2026/10/09 23:16:37.024, P2, 1350 MHz, 6800 MHz, 10 %, 72.06 W
2026/10/09 23:16:37.129, P2, 1350 MHz, 6800 MHz, 10 %, 74.80 W
2026/10/09 23:16:37.233, P2, 1350 MHz, 6800 MHz, 10 %, 72.78 W
2026/10/09 23:16:37.340, P2, 1350 MHz, 6800 MHz, 10 %, 72.20 W
2026/10/09 23:16:37.445, P2, 1350 MHz, 6800 MHz, 10 %, 76.69 W
2026/10/09 23:16:37.550, P2, 1350 MHz, 6800 MHz, 10 %, 74.17 W
2026/10/09 23:16:37.655, P2, 1350 MHz, 6800 MHz, 10 %, 74.56 W
2026/10/09 23:16:37.763, P2, 1350 MHz, 6800 MHz, 10 %, 71.03 W
2026/10/09 23:16:37.867, P2, 1350 MHz, 6800 MHz, 10 %, 75.34 W
2026/10/09 23:16:37.972, P2, 1350 MHz, 6800 MHz, 10 %, 75.37 W
2026/10/09 23:16:38.077, P2, 1350 MHz, 6800 MHz, 10 %, 72.53 W
2026/10/09 23:16:38.181, P2, 1350 MHz, 6800 MHz, 10 %, 76.21 W
2026/10/09 23:16:38.289, P2, 1350 MHz, 6800 MHz, 10 %, 71.35 W
2026/10/09 23:16:38.393, P2, 1350 MHz, 6800 MHz, 10 %, 75.50 W
2026/10/09 23:16:38.498, P2, 1350 MHz, 6800 MHz, 10 %, 75.19 W
2026/10/09 23:16:38.602, P2, 1350 MHz, 6800 MHz, 10 %, 75.37 W
2026/10/09 23:16:38.710, P2, 1350 MHz, 6800 MHz, 10 %, 73.07 W
2026/10/09 23:16:38.815, P2, 1350 MHz, 6800 MHz, 10 %, 73.96 W
2026/10/09 23:16:38.919, P2, 1350 MHz, 6800 MHz, 11 %, 72.99 W
2026/10/09 23:16:39.024, P2, 1350 MHz, 6800 MHz, 11 %, 77.15 W
2026/10/09 23:16:39.132, P2, 1350 MHz, 6800 MHz, 11 %, 72.72 W
2026/10/09 23:16:39.236, P2, 1350 MHz, 6800 MHz, 11 %, 73.82 W
2026/10/09 23:16:39.341, P2, 1350 MHz, 6800 MHz, 11 %, 73.63 W
2026/10/09 23:16:39.446, P2, 1350 MHz, 6800 MHz, 11 %, 74.39 W
2026/10/09 23:16:39.550, P2, 1350 MHz, 6800 MHz, 11 %, 74.08 W
2026/10/09 23:16:39.658, P2, 1350 MHz, 6800 MHz, 11 %, 71.95 W
2026/10/09 23:16:39.762, P2, 1350 MHz, 6800 MHz, 11 %, 74.19 W
2026/10/09 23:16:39.867, P2, 1350 MHz, 6800 MHz, 11 %, 74.50 W
2026/10/09 23:16:39.971, P2, 1350 MHz, 6800 MHz, 11 %, 74.82 W
2026/10/09 23:16:40.079, P2, 1350 MHz, 6800 MHz, 11 %, 75.63 W
2026/10/09 23:16:40.183, P2, 1350 MHz, 6800 MHz, 11 %, 73.99 W
2026/10/09 23:16:40.288, P2, 1350 MHz, 6800 MHz, 11 %, 72.62 W
2026/10/09 23:16:40.392, P2, 1350 MHz, 6800 MHz, 11 %, 72.44 W
2026/10/09 23:16:40.497, P2, 1350 MHz, 6800 MHz, 11 %, 68.17 W
2026/10/09 23:16:40.602, P2, 1350 MHz, 6800 MHz, 11 %, 68.10 W
2026/10/09 23:16:40.707, P2, 1350 MHz, 6800 MHz, 11 %, 67.83 W
2026/10/09 23:16:40.812, P2, 1350 MHz, 6800 MHz, 11 %, 67.98 W
2026/10/09 23:16:40.917, P2, 1350 MHz, 6800 MHz, 5 %, 67.93 W
2026/10/09 23:16:41.023, P2, 1350 MHz, 6800 MHz, 5 %, 68.03 W
2026/10/09 23:16:41.128, P2, 1350 MHz, 6800 MHz, 5 %, 67.91 W
2026/10/09 23:16:41.233, P2, 1350 MHz, 6800 MHz, 5 %, 67.88 W
2026/10/09 23:16:41.337, P2, 1350 MHz, 6800 MHz, 5 %, 67.93 W
2026/10/09 23:16:41.443, P2, 1350 MHz, 6800 MHz, 5 %, 67.85 W
2026/10/09 23:16:41.548, P2, 1350 MHz, 6800 MHz, 5 %, 67.78 W
2026/10/09 23:16:41.653, P2, 1350 MHz, 6800 MHz, 5 %, 67.76 W
2026/10/09 23:16:41.759, P2, 1350 MHz, 6800 MHz, 5 %, 67.71 W
2026/10/09 23:16:41.865, P2, 1350 MHz, 6800 MHz, 0 %, 67.37 W
2026/10/09 23:16:41.970, P2, 1350 MHz, 6800 MHz, 0 %, 67.65 W
2026/10/09 23:16:42.075, P2, 1350 MHz, 6800 MHz, 0 %, 67.49 W
2026/10/09 23:16:42.179, P2, 1350 MHz, 6800 MHz, 0 %, 67.49 W
2026/10/09 23:16:42.286, P2, 1350 MHz, 6800 MHz, 0 %, 67.87 W
2026/10/09 23:16:42.391, P2, 1350 MHz, 6800 MHz, 0 %, 67.53 W
2026/10/09 23:16:42.496, P2, 1350 MHz, 6800 MHz, 0 %, 67.54 W
2026/10/09 23:16:42.600, P2, 1350 MHz, 6800 MHz, 0 %, 67.61 W
2026/10/09 23:16:42.705, P2, 1350 MHz, 6800 MHz, 0 %, 67.51 W
2026/10/09 23:16:42.810, P2, 1350 MHz, 6800 MHz, 0 %, 67.66 W
2026/10/09 23:16:42.915, P2, 1350 MHz, 6800 MHz, 0 %, 67.46 W
2026/10/09 23:16:43.020, P2, 1350 MHz, 6800 MHz, 0 %, 67.29 W
2026/10/09 23:16:43.124, P2, 1350 MHz, 6800 MHz, 0 %, 67.28 W
2026/10/09 23:16:43.230, P2, 1350 MHz, 6800 MHz, 0 %, 67.33 W
2026/10/09 23:16:43.335, P2, 1350 MHz, 6800 MHz, 0 %, 67.27 W
2026/10/09 23:16:43.440, P2, 1350 MHz, 6800 MHz, 0 %, 67.17 W
2026/10/09 23:16:43.544, P2, 1350 MHz, 6800 MHz, 0 %, 67.22 W
2026/10/09 23:16:43.651, P2, 1350 MHz, 6800 MHz, 0 %, 67.35 W
2026/10/09 23:16:43.756, P2, 1350 MHz, 6800 MHz, 0 %, 67.04 W
2026/10/09 23:16:43.860, P2, 1350 MHz, 6800 MHz, 0 %, 66.99 W
2026/10/09 23:16:43.965, P2, 1350 MHz, 6800 MHz, 0 %, 67.26 W
2026/10/09 23:16:44.070, P2, 1350 MHz, 6800 MHz, 0 %, 67.19 W
2026/10/09 23:16:44.176, P2, 1350 MHz, 6800 MHz, 0 %, 67.31 W
2026/10/09 23:16:44.281, P2, 1350 MHz, 6800 MHz, 0 %, 67.31 W
2026/10/09 23:16:44.386, P2, 1350 MHz, 6800 MHz, 0 %, 67.44 W
2026/10/09 23:16:44.491, P2, 1350 MHz, 6800 MHz, 0 %, 67.25 W
2026/10/09 23:16:44.596, P2, 1350 MHz, 6800 MHz, 0 %, 67.41 W
2026/10/09 23:16:44.701, P2, 1350 MHz, 6800 MHz, 0 %, 67.21 W
2026/10/09 23:16:44.806, P2, 1350 MHz, 6800 MHz, 0 %, 67.11 W
2026/10/09 23:16:44.910, P2, 1350 MHz, 6800 MHz, 0 %, 67.16 W
2026/10/09 23:16:45.016, P2, 1350 MHz, 6800 MHz, 0 %, 67.30 W
2026/10/09 23:16:45.121, P2, 1350 MHz, 6800 MHz, 0 %, 67.07 W
2026/10/09 23:16:45.225, P2, 1350 MHz, 6800 MHz, 0 %, 67.25 W
2026/10/09 23:16:45.329, P2, 1350 MHz, 6800 MHz, 0 %, 67.30 W
2026/10/09 23:16:45.435, P2, 1350 MHz, 6800 MHz, 0 %, 67.37 W
2026/10/09 23:16:45.541, P2, 1350 MHz, 6800 MHz, 0 %, 67.35 W
2026/10/09 23:16:45.645, P2, 1350 MHz, 6800 MHz, 0 %, 67.27 W
2026/10/09 23:16:45.749, P2, 1350 MHz, 6800 MHz, 0 %, 67.14 W
2026/10/09 23:16:45.854, P2, 1350 MHz, 6800 MHz, 0 %, 66.69 W
2026/10/09 23:16:45.959, P2, 1350 MHz, 6800 MHz, 0 %, 67.31 W
2026/10/09 23:16:46.064, P2, 1350 MHz, 6800 MHz, 0 %, 67.52 W
2026/10/09 23:16:46.168, P2, 1350 MHz, 6800 MHz, 0 %, 67.53 W
2026/10/09 23:16:46.272, P2, 1350 MHz, 6800 MHz, 0 %, 67.46 W
2026/10/09 23:16:46.377, P2, 1350 MHz, 6800 MHz, 0 %, 67.49 W
2026/10/09 23:16:46.482, P2, 1350 MHz, 6800 MHz, 0 %, 67.38 W
2026/10/09 23:16:46.587, P2, 1350 MHz, 6800 MHz, 0 %, 128.93 W
2026/10/09 23:16:46.692, P2, 1845 MHz, 6800 MHz, 0 %, 145.29 W
2026/10/09 23:16:46.797, P2, 1905 MHz, 6800 MHz, 0 %, 253.76 W
2026/10/09 23:16:46.901, P2, 1920 MHz, 6800 MHz, 37 %, 245.25 W
2026/10/09 23:16:47.059, P2, 1950 MHz, 6800 MHz, 37 %, 253.60 W
2026/10/09 23:16:47.163, P2, 1950 MHz, 6800 MHz, 37 %, 258.13 W
2026/10/09 23:16:47.268, P2, 1950 MHz, 6800 MHz, 37 %, 256.40 W
2026/10/09 23:16:47.374, P2, 1950 MHz, 6800 MHz, 37 %, 231.92 W
2026/10/09 23:16:47.478, P2, 1950 MHz, 6800 MHz, 37 %, 197.04 W
2026/10/09 23:16:47.582, P2, 1950 MHz, 6800 MHz, 37 %, 94.40 W
2026/10/09 23:16:47.686, P2, 1950 MHz, 6800 MHz, 37 %, 94.42 W
2026/10/09 23:16:47.789, P2, 1950 MHz, 6800 MHz, 37 %, 94.39 W
2026/10/09 23:16:47.893, P2, 1950 MHz, 6800 MHz, 51 %, 94.22 W
2026/10/09 23:16:47.998, P2, 1950 MHz, 6800 MHz, 51 %, 93.85 W
2026/10/09 23:16:48.101, P2, 1950 MHz, 6800 MHz, 51 %, 94.02 W
2026/10/09 23:16:48.205, P2, 1950 MHz, 6800 MHz, 51 %, 94.14 W
2026/10/09 23:16:48.309, P2, 1950 MHz, 6800 MHz, 51 %, 93.94 W
2026/10/09 23:16:48.413, P2, 1950 MHz, 6800 MHz, 51 %, 93.84 W
2026/10/09 23:16:48.516, P2, 1950 MHz, 6800 MHz, 51 %, 94.00 W
2026/10/09 23:16:48.621, P2, 1950 MHz, 6800 MHz, 51 %, 94.37 W
2026/10/09 23:16:48.725, P2, 1950 MHz, 6800 MHz, 51 %, 94.01 W
2026/10/09 23:16:48.828, P2, 1950 MHz, 6800 MHz, 51 %, 93.92 W
2026/10/09 23:16:48.932, P2, 1950 MHz, 6800 MHz, 0 %, 93.93 W
2026/10/09 23:16:49.036, P2, 1950 MHz, 6800 MHz, 0 %, 93.86 W
2026/10/09 23:16:49.141, P2, 1950 MHz, 6800 MHz, 0 %, 94.35 W
2026/10/09 23:16:49.245, P2, 1950 MHz, 6800 MHz, 0 %, 93.84 W
2026/10/09 23:16:49.349, P2, 1350 MHz, 6800 MHz, 0 %, 91.54 W
2026/10/09 23:16:49.453, P2, 1350 MHz, 6800 MHz, 0 %, 66.76 W
2026/10/09 23:16:49.558, P2, 1350 MHz, 6800 MHz, 0 %, 67.92 W
2026/10/09 23:16:49.665, P2, 1350 MHz, 6800 MHz, 0 %, 68.41 W
2026/10/09 23:16:49.770, P2, 1950 MHz, 6800 MHz, 0 %, 71.58 W
2026/10/09 23:16:49.874, P2, 1950 MHz, 6800 MHz, 0 %, 98.90 W
2026/10/09 23:16:49.978, P2, 1950 MHz, 6800 MHz, 23 %, 103.48 W
2026/10/09 23:16:50.082, P2, 1950 MHz, 6800 MHz, 23 %, 104.16 W
2026/10/09 23:16:50.188, P2, 1950 MHz, 6800 MHz, 23 %, 104.13 W
2026/10/09 23:16:50.292, P2, 1950 MHz, 6800 MHz, 23 %, 114.12 W
2026/10/09 23:16:50.396, P2, 1950 MHz, 6800 MHz, 23 %, 100.10 W
2026/10/09 23:16:50.500, P2, 1950 MHz, 6800 MHz, 23 %, 101.39 W
2026/10/09 23:16:50.606, P2, 1950 MHz, 6800 MHz, 23 %, 103.36 W
2026/10/09 23:16:50.712, P2, 1950 MHz, 6800 MHz, 23 %, 104.48 W
2026/10/09 23:16:50.815, P2, 1950 MHz, 6800 MHz, 23 %, 104.22 W
2026/10/09 23:16:50.919, P2, 1950 MHz, 6800 MHz, 8 %, 103.50 W
2026/10/09 23:16:51.023, P2, 1950 MHz, 6800 MHz, 8 %, 102.09 W
2026/10/09 23:16:51.126, P2, 1950 MHz, 6800 MHz, 8 %, 115.31 W
2026/10/09 23:16:51.232, P2, 1950 MHz, 6800 MHz, 8 %, 106.19 W
2026/10/09 23:16:51.335, P2, 1950 MHz, 6800 MHz, 8 %, 103.91 W
2026/10/09 23:16:51.439, P2, 1950 MHz, 6800 MHz, 8 %, 109.69 W
2026/10/09 23:16:51.543, P2, 1950 MHz, 6800 MHz, 8 %, 104.17 W
2026/10/09 23:16:51.646, P2, 1950 MHz, 6800 MHz, 8 %, 103.65 W
2026/10/09 23:16:51.750, P2, 1350 MHz, 6800 MHz, 8 %, 110.71 W
2026/10/09 23:16:51.856, P2, 1350 MHz, 6800 MHz, 8 %, 74.54 W
2026/10/09 23:16:51.961, P2, 1350 MHz, 6800 MHz, 9 %, 71.82 W
2026/10/09 23:16:52.066, P2, 1350 MHz, 6800 MHz, 9 %, 73.12 W
2026/10/09 23:16:52.170, P2, 1350 MHz, 6800 MHz, 9 %, 73.74 W
2026/10/09 23:16:52.274, P2, 1350 MHz, 6800 MHz, 9 %, 71.35 W
2026/10/09 23:16:52.382, P2, 1350 MHz, 6800 MHz, 9 %, 77.96 W
2026/10/09 23:16:52.487, P2, 1350 MHz, 6800 MHz, 9 %, 75.50 W
2026/10/09 23:16:52.591, P2, 1350 MHz, 6800 MHz, 9 %, 72.23 W
2026/10/09 23:16:52.696, P2, 1350 MHz, 6800 MHz, 9 %, 75.84 W
2026/10/09 23:16:52.801, P2, 1350 MHz, 6800 MHz, 9 %, 72.33 W
2026/10/09 23:16:52.906, P2, 1350 MHz, 6800 MHz, 11 %, 72.32 W
2026/10/09 23:16:53.012, P2, 1350 MHz, 6800 MHz, 11 %, 76.89 W
2026/10/09 23:16:53.118, P2, 1350 MHz, 6800 MHz, 11 %, 74.32 W
2026/10/09 23:16:53.226, P2, 1350 MHz, 6800 MHz, 11 %, 72.91 W
2026/10/09 23:16:53.330, P2, 1350 MHz, 6800 MHz, 11 %, 72.43 W
2026/10/09 23:16:53.435, P2, 1350 MHz, 6800 MHz, 11 %, 72.75 W
2026/10/09 23:16:53.539, P2, 1350 MHz, 6800 MHz, 11 %, 67.92 W
2026/10/09 23:16:53.644, P2, 1350 MHz, 6800 MHz, 11 %, 67.83 W
2026/10/09 23:16:53.750, P2, 1350 MHz, 6800 MHz, 11 %, 67.60 W
2026/10/09 23:16:53.855, P2, 1350 MHz, 6800 MHz, 11 %, 67.79 W
2026/10/09 23:16:53.959, P2, 1350 MHz, 6800 MHz, 5 %, 67.77 W
2026/10/09 23:16:54.064, P2, 1350 MHz, 6800 MHz, 5 %, 67.58 W
2026/10/09 23:16:54.170, P2, 1350 MHz, 6800 MHz, 5 %, 67.65 W
2026/10/09 23:16:54.275, P2, 1350 MHz, 6800 MHz, 5 %, 67.74 W
2026/10/09 23:16:54.380, P2, 1350 MHz, 6800 MHz, 5 %, 67.71 W
2026/10/09 23:16:54.484, P2, 1350 MHz, 6800 MHz, 5 %, 67.56 W
2026/10/09 23:16:54.591, P2, 1350 MHz, 6800 MHz, 5 %, 68.27 W
2026/10/09 23:16:54.695, P2, 1350 MHz, 6800 MHz, 5 %, 68.24 W
2026/10/09 23:16:54.800, P2, 1350 MHz, 6800 MHz, 5 %, 67.59 W
2026/10/09 23:16:54.905, P2, 1350 MHz, 6800 MHz, 5 %, 67.66 W
2026/10/09 23:16:55.009, P2, 1350 MHz, 6800 MHz, 0 %, 67.46 W
2026/10/09 23:16:55.115, P2, 1350 MHz, 6800 MHz, 0 %, 67.69 W
2026/10/09 23:16:55.220, P2, 1350 MHz, 6800 MHz, 0 %, 67.31 W
2026/10/09 23:16:55.325, P2, 1350 MHz, 6800 MHz, 0 %, 67.53 W
2026/10/09 23:16:55.429, P2, 1350 MHz, 6800 MHz, 0 %, 67.22 W
2026/10/09 23:16:55.535, P2, 1350 MHz, 6800 MHz, 0 %, 67.11 W
2026/10/09 23:16:55.640, P2, 1350 MHz, 6800 MHz, 0 %, 67.60 W
2026/10/09 23:16:55.745, P2, 1350 MHz, 6800 MHz, 0 %, 67.78 W
2026/10/09 23:16:55.850, P2, 1350 MHz, 6800 MHz, 0 %, 67.78 W
2026/10/09 23:16:55.956, P2, 1350 MHz, 6800 MHz, 0 %, 67.72 W
2026/10/09 23:16:56.060, P2, 1350 MHz, 6800 MHz, 0 %, 67.63 W
2026/10/09 23:16:56.165, P2, 1350 MHz, 6800 MHz, 0 %, 67.58 W
2026/10/09 23:16:56.269, P2, 1350 MHz, 6800 MHz, 0 %, 67.76 W
2026/10/09 23:16:56.374, P2, 1350 MHz, 6800 MHz, 0 %, 67.53 W
2026/10/09 23:16:56.480, P2, 1350 MHz, 6800 MHz, 0 %, 67.49 W
2026/10/09 23:16:56.585, P2, 1350 MHz, 6800 MHz, 0 %, 67.43 W
2026/10/09 23:16:56.690, P2, 1350 MHz, 6800 MHz, 0 %, 67.71 W
2026/10/09 23:16:56.795, P2, 1350 MHz, 6800 MHz, 0 %, 67.64 W
2026/10/09 23:16:56.900, P2, 1350 MHz, 6800 MHz, 0 %, 67.60 W
2026/10/09 23:16:57.005, P2, 1350 MHz, 6800 MHz, 0 %, 67.39 W
2026/10/09 23:16:57.110, P2, 1350 MHz, 6800 MHz, 0 %, 67.58 W
2026/10/09 23:16:57.215, P2, 1350 MHz, 6800 MHz, 0 %, 67.64 W
2026/10/09 23:16:57.321, P2, 1350 MHz, 6800 MHz, 0 %, 67.61 W
2026/10/09 23:16:57.425, P2, 1350 MHz, 6800 MHz, 0 %, 67.66 W
2026/10/09 23:16:57.530, P2, 1350 MHz, 6800 MHz, 0 %, 67.72 W
2026/10/09 23:16:57.635, P2, 1350 MHz, 6800 MHz, 0 %, 67.79 W
2026/10/09 23:16:57.740, P2, 1350 MHz, 6800 MHz, 0 %, 67.39 W
2026/10/09 23:16:57.845, P2, 1350 MHz, 6800 MHz, 0 %, 67.75 W
2026/10/09 23:16:57.949, P2, 1350 MHz, 6800 MHz, 0 %, 67.61 W
2026/10/09 23:16:58.053, P2, 1350 MHz, 6800 MHz, 0 %, 67.43 W
2026/10/09 23:16:58.158, P2, 1350 MHz, 6800 MHz, 0 %, 67.45 W
2026/10/09 23:16:58.263, P2, 1350 MHz, 6800 MHz, 0 %, 67.63 W
2026/10/09 23:16:58.368, P2, 1350 MHz, 6800 MHz, 0 %, 67.56 W
2026/10/09 23:16:58.472, P2, 1350 MHz, 6800 MHz, 0 %, 67.66 W
2026/10/09 23:16:58.577, P2, 1350 MHz, 6800 MHz, 0 %, 67.30 W
2026/10/09 23:16:58.681, P2, 1350 MHz, 6800 MHz, 0 %, 67.34 W
2026/10/09 23:16:58.786, P2, 1350 MHz, 6800 MHz, 0 %, 67.27 W
2026/10/09 23:16:58.891, P2, 1350 MHz, 6800 MHz, 0 %, 67.16 W
2026/10/09 23:16:58.995, P2, 1350 MHz, 6800 MHz, 0 %, 67.17 W
2026/10/09 23:16:59.106, P2, 1350 MHz, 6800 MHz, 0 %, 67.50 W
2026/10/09 23:16:59.211, P2, 1350 MHz, 6800 MHz, 0 %, 66.89 W
2026/10/09 23:16:59.315, P2, 1350 MHz, 6800 MHz, 0 %, 67.56 W
2026/10/09 23:16:59.420, P2, 1350 MHz, 6800 MHz, 0 %, 67.55 W
2026/10/09 23:16:59.524, P2, 1350 MHz, 6800 MHz, 0 %, 67.44 W
2026/10/09 23:16:59.629, P2, 1350 MHz, 6800 MHz, 0 %, 67.46 W
2026/10/09 23:16:59.735, P2, 1350 MHz, 6800 MHz, 0 %, 67.72 W
2026/10/09 23:16:59.839, P2, 1350 MHz, 6800 MHz, 0 %, 67.60 W
2026/10/09 23:16:59.945, P2, 1740 MHz, 6800 MHz, 17 %, 126.35 W
2026/10/09 23:17:00.049, P2, 1920 MHz, 6800 MHz, 17 %, 251.32 W
2026/10/09 23:17:00.157, P2, 1920 MHz, 6800 MHz, 17 %, 239.66 W
2026/10/09 23:17:00.265, P2, 1965 MHz, 6800 MHz, 17 %, 245.34 W
2026/10/09 23:17:00.371, P2, 1875 MHz, 6800 MHz, 17 %, 253.26 W
2026/10/09 23:17:00.531, P2, 1950 MHz, 6800 MHz, 17 %, 221.16 W
2026/10/09 23:17:00.636, P2, 1950 MHz, 6800 MHz, 17 %, 254.03 W
2026/10/09 23:17:00.741, P2, 1950 MHz, 6800 MHz, 17 %, 235.00 W
2026/10/09 23:17:00.848, P2, 1950 MHz, 6800 MHz, 17 %, 235.97 W
2026/10/09 23:17:00.953, P2, 1950 MHz, 6800 MHz, 93 %, 171.71 W
2026/10/09 23:17:01.058, P2, 1950 MHz, 6800 MHz, 93 %, 196.13 W
2026/10/09 23:17:01.162, P2, 1950 MHz, 6800 MHz, 93 %, 141.81 W
2026/10/09 23:17:01.268, P2, 1950 MHz, 6800 MHz, 93 %, 95.42 W
2026/10/09 23:17:01.372, P2, 1950 MHz, 6800 MHz, 93 %, 95.06 W
2026/10/09 23:17:01.475, P2, 1950 MHz, 6800 MHz, 93 %, 94.95 W
2026/10/09 23:17:01.579, P2, 1950 MHz, 6800 MHz, 93 %, 94.93 W
2026/10/09 23:17:01.683, P2, 1950 MHz, 6800 MHz, 93 %, 94.75 W
2026/10/09 23:17:01.786, P2, 1950 MHz, 6800 MHz, 93 %, 94.75 W
2026/10/09 23:17:01.891, P2, 1950 MHz, 6800 MHz, 93 %, 95.10 W
2026/10/09 23:17:01.995, P2, 1950 MHz, 6800 MHz, 16 %, 94.69 W
2026/10/09 23:17:02.099, P2, 1950 MHz, 6800 MHz, 16 %, 94.50 W
2026/10/09 23:17:02.202, P2, 1950 MHz, 6800 MHz, 16 %, 94.55 W
2026/10/09 23:17:02.306, P2, 1950 MHz, 6800 MHz, 16 %, 94.60 W
2026/10/09 23:17:02.409, P2, 1950 MHz, 6800 MHz, 16 %, 94.78 W
2026/10/09 23:17:02.515, P2, 1950 MHz, 6800 MHz, 16 %, 95.12 W
2026/10/09 23:17:02.618, P2, 1950 MHz, 6800 MHz, 16 %, 94.87 W
2026/10/09 23:17:02.722, P2, 1950 MHz, 6800 MHz, 16 %, 94.70 W
2026/10/09 23:17:02.825, P2, 1950 MHz, 6800 MHz, 16 %, 94.77 W
2026/10/09 23:17:02.929, P2, 1950 MHz, 6800 MHz, 16 %, 94.73 W
2026/10/09 23:17:03.034, P2, 1350 MHz, 6800 MHz, 0 %, 92.06 W
2026/10/09 23:17:03.139, P2, 1350 MHz, 6800 MHz, 0 %, 67.65 W
2026/10/09 23:17:03.244, P2, 1350 MHz, 6800 MHz, 0 %, 68.92 W
2026/10/09 23:17:03.351, P2, 1350 MHz, 6800 MHz, 0 %, 68.56 W
2026/10/09 23:17:03.456, P2, 1350 MHz, 6800 MHz, 0 %, 67.77 W
2026/10/09 23:17:03.562, P2, 1350 MHz, 6800 MHz, 0 %, 68.87 W
2026/10/09 23:17:03.667, P2, 1350 MHz, 6800 MHz, 0 %, 68.86 W
2026/10/09 23:17:03.772, P2, 1965 MHz, 6800 MHz, 0 %, 70.35 W
2026/10/09 23:17:03.876, P2, 1965 MHz, 6800 MHz, 0 %, 104.45 W
2026/10/09 23:17:03.981, P2, 1965 MHz, 6800 MHz, 24 %, 104.29 W
2026/10/09 23:17:04.085, P2, 1965 MHz, 6800 MHz, 24 %, 114.44 W
2026/10/09 23:17:04.188, P2, 1965 MHz, 6800 MHz, 24 %, 104.51 W
2026/10/09 23:17:04.292, P2, 1965 MHz, 6800 MHz, 24 %, 109.13 W
2026/10/09 23:17:04.395, P2, 1965 MHz, 6800 MHz, 24 %, 111.38 W
2026/10/09 23:17:04.499, P2, 1965 MHz, 6800 MHz, 24 %, 114.40 W
2026/10/09 23:17:04.604, P2, 1965 MHz, 6800 MHz, 24 %, 99.27 W
2026/10/09 23:17:04.708, P2, 1965 MHz, 6800 MHz, 24 %, 114.16 W
2026/10/09 23:17:04.812, P2, 1965 MHz, 6800 MHz, 24 %, 112.01 W
2026/10/09 23:17:04.916, P2, 1965 MHz, 6800 MHz, 24 %, 99.11 W
2026/10/09 23:17:05.019, P2, 1965 MHz, 6800 MHz, 8 %, 114.34 W
2026/10/09 23:17:05.123, P2, 1965 MHz, 6800 MHz, 8 %, 101.03 W
2026/10/09 23:17:05.228, P2, 1965 MHz, 6800 MHz, 8 %, 105.15 W
2026/10/09 23:17:05.331, P2, 1965 MHz, 6800 MHz, 8 %, 104.35 W
2026/10/09 23:17:05.435, P2, 1965 MHz, 6800 MHz, 8 %, 94.95 W
2026/10/09 23:17:05.539, P2, 1965 MHz, 6800 MHz, 8 %, 105.12 W
2026/10/09 23:17:05.642, P2, 1350 MHz, 6800 MHz, 8 %, 111.51 W
2026/10/09 23:17:05.750, P2, 1350 MHz, 6800 MHz, 8 %, 73.73 W
2026/10/09 23:17:05.854, P2, 1350 MHz, 6800 MHz, 8 %, 72.80 W
2026/10/09 23:17:05.959, P2, 1350 MHz, 6800 MHz, 8 %, 77.01 W
2026/10/09 23:17:06.064, P2, 1350 MHz, 6800 MHz, 7 %, 75.93 W
2026/10/09 23:17:06.172, P2, 1350 MHz, 6800 MHz, 7 %, 73.05 W
2026/10/09 23:17:06.279, P2, 1350 MHz, 6800 MHz, 7 %, 75.94 W
2026/10/09 23:17:06.383, P2, 1350 MHz, 6800 MHz, 7 %, 76.61 W
2026/10/09 23:17:06.488, P2, 1350 MHz, 6800 MHz, 7 %, 72.65 W
2026/10/09 23:17:06.596, P2, 1350 MHz, 6800 MHz, 7 %, 75.12 W
2026/10/09 23:17:06.700, P2, 1350 MHz, 6800 MHz, 7 %, 75.85 W
2026/10/09 23:17:06.805, P2, 1350 MHz, 6800 MHz, 7 %, 74.52 W
2026/10/09 23:17:06.910, P2, 1350 MHz, 6800 MHz, 7 %, 72.89 W
2026/10/09 23:17:07.018, P2, 1350 MHz, 6800 MHz, 11 %, 75.21 W
2026/10/09 23:17:07.122, P2, 1350 MHz, 6800 MHz, 11 %, 73.44 W
2026/10/09 23:17:07.227, P2, 1350 MHz, 6800 MHz, 11 %, 73.06 W
2026/10/09 23:17:07.332, P2, 1350 MHz, 6800 MHz, 11 %, 68.69 W
2026/10/09 23:17:07.437, P2, 1350 MHz, 6800 MHz, 11 %, 68.29 W
2026/10/09 23:17:07.542, P2, 1350 MHz, 6800 MHz, 11 %, 68.47 W
2026/10/09 23:17:07.647, P2, 1350 MHz, 6800 MHz, 11 %, 68.20 W
2026/10/09 23:17:07.752, P2, 1350 MHz, 6800 MHz, 11 %, 68.15 W
2026/10/09 23:17:07.857, P2, 1350 MHz, 6800 MHz, 11 %, 68.12 W
2026/10/09 23:17:07.962, P2, 1350 MHz, 6800 MHz, 11 %, 68.01 W
2026/10/09 23:17:08.067, P2, 1350 MHz, 6800 MHz, 2 %, 68.04 W
2026/10/09 23:17:08.172, P2, 1350 MHz, 6800 MHz, 2 %, 68.10 W
2026/10/09 23:17:08.276, P2, 1350 MHz, 6800 MHz, 2 %, 68.10 W
2026/10/09 23:17:08.381, P2, 1350 MHz, 6800 MHz, 2 %, 67.82 W
2026/10/09 23:17:08.492, P2, 1350 MHz, 6800 MHz, 2 %, 68.11 W
2026/10/09 23:17:08.596, P2, 1350 MHz, 6800 MHz, 2 %, 67.60 W
2026/10/09 23:17:08.701, P2, 1350 MHz, 6800 MHz, 2 %, 67.55 W
2026/10/09 23:17:08.807, P2, 1350 MHz, 6800 MHz, 2 %, 67.84 W
2026/10/09 23:17:08.911, P2, 1350 MHz, 6800 MHz, 2 %, 68.02 W
2026/10/09 23:17:09.016, P2, 1350 MHz, 6800 MHz, 0 %, 68.08 W
2026/10/09 23:17:09.121, P2, 1350 MHz, 6800 MHz, 0 %, 68.16 W
2026/10/09 23:17:09.227, P2, 1350 MHz, 6800 MHz, 0 %, 68.32 W
2026/10/09 23:17:09.332, P2, 1350 MHz, 6800 MHz, 0 %, 68.18 W
2026/10/09 23:17:09.437, P2, 1350 MHz, 6800 MHz, 0 %, 68.14 W
2026/10/09 23:17:09.541, P2, 1350 MHz, 6800 MHz, 0 %, 67.93 W
2026/10/09 23:17:09.646, P2, 1350 MHz, 6800 MHz, 0 %, 67.82 W
2026/10/09 23:17:09.752, P2, 1350 MHz, 6800 MHz, 0 %, 67.58 W
2026/10/09 23:17:09.856, P2, 1350 MHz, 6800 MHz, 0 %, 67.86 W
2026/10/09 23:17:09.961, P2, 1350 MHz, 6800 MHz, 0 %, 67.80 W
2026/10/09 23:17:10.066, P2, 1350 MHz, 6800 MHz, 0 %, 68.04 W
2026/10/09 23:17:10.171, P2, 1350 MHz, 6800 MHz, 0 %, 67.96 W
2026/10/09 23:17:10.276, P2, 1350 MHz, 6800 MHz, 0 %, 67.97 W
2026/10/09 23:17:10.381, P2, 1350 MHz, 6800 MHz, 0 %, 67.74 W
2026/10/09 23:17:10.485, P2, 1350 MHz, 6800 MHz, 0 %, 67.62 W
2026/10/09 23:17:10.590, P2, 1350 MHz, 6800 MHz, 0 %, 67.88 W
2026/10/09 23:17:10.695, P2, 1350 MHz, 6800 MHz, 0 %, 67.86 W
2026/10/09 23:17:10.801, P2, 1350 MHz, 6800 MHz, 0 %, 67.96 W
2026/10/09 23:17:10.905, P2, 1350 MHz, 6800 MHz, 0 %, 67.56 W
2026/10/09 23:17:11.010, P2, 1350 MHz, 6800 MHz, 0 %, 67.57 W
2026/10/09 23:17:11.116, P2, 1350 MHz, 6800 MHz, 0 %, 67.68 W
2026/10/09 23:17:11.221, P2, 1350 MHz, 6800 MHz, 0 %, 67.60 W
2026/10/09 23:17:11.326, P2, 1350 MHz, 6800 MHz, 0 %, 67.73 W
2026/10/09 23:17:11.430, P2, 1350 MHz, 6800 MHz, 0 %, 67.71 W
2026/10/09 23:17:11.536, P2, 1350 MHz, 6800 MHz, 0 %, 67.78 W
2026/10/09 23:17:11.641, P2, 1350 MHz, 6800 MHz, 0 %, 67.72 W
2026/10/09 23:17:11.745, P2, 1350 MHz, 6800 MHz, 0 %, 67.88 W
2026/10/09 23:17:11.849, P2, 1350 MHz, 6800 MHz, 0 %, 67.91 W
2026/10/09 23:17:11.954, P2, 1350 MHz, 6800 MHz, 0 %, 68.07 W
2026/10/09 23:17:12.059, P2, 1350 MHz, 6800 MHz, 0 %, 68.03 W
2026/10/09 23:17:12.164, P2, 1350 MHz, 6800 MHz, 0 %, 68.06 W
2026/10/09 23:17:12.268, P2, 1350 MHz, 6800 MHz, 0 %, 67.93 W
2026/10/09 23:17:12.372, P2, 1350 MHz, 6800 MHz, 0 %, 68.03 W
2026/10/09 23:17:12.477, P2, 1350 MHz, 6800 MHz, 0 %, 68.04 W
2026/10/09 23:17:12.583, P2, 1350 MHz, 6800 MHz, 0 %, 68.38 W
2026/10/09 23:17:12.687, P2, 1350 MHz, 6800 MHz, 0 %, 68.22 W
2026/10/09 23:17:12.792, P2, 1350 MHz, 6800 MHz, 0 %, 67.83 W
2026/10/09 23:17:12.896, P2, 1350 MHz, 6800 MHz, 0 %, 67.54 W
2026/10/09 23:17:13.002, P2, 1350 MHz, 6800 MHz, 0 %, 67.49 W
2026/10/09 23:17:13.106, P2, 1350 MHz, 6800 MHz, 0 %, 67.18 W
2026/10/09 23:17:13.211, P2, 1350 MHz, 6800 MHz, 0 %, 67.55 W
2026/10/09 23:17:13.315, P2, 1350 MHz, 6800 MHz, 0 %, 67.13 W
2026/10/09 23:17:13.420, P2, 1350 MHz, 6800 MHz, 0 %, 67.52 W
2026/10/09 23:17:13.525, P2, 1350 MHz, 6800 MHz, 0 %, 67.65 W
2026/10/09 23:17:13.629, P2, 1350 MHz, 6800 MHz, 0 %, 67.86 W
2026/10/09 23:17:13.735, P2, 1350 MHz, 6800 MHz, 0 %, 142.97 W
2026/10/09 23:17:13.840, P2, 1845 MHz, 6800 MHz, 0 %, 149.82 W
2026/10/09 23:17:13.948, P2, 1950 MHz, 6800 MHz, 0 %, 250.57 W
2026/10/09 23:17:14.057, P2, 1920 MHz, 6800 MHz, 39 %, 231.93 W
2026/10/09 23:17:14.195, P2, 1935 MHz, 6800 MHz, 39 %, 242.86 W
2026/10/09 23:17:14.302, P2, 1920 MHz, 6800 MHz, 39 %, 254.19 W
2026/10/09 23:17:14.407, P2, 1920 MHz, 6800 MHz, 39 %, 256.36 W
2026/10/09 23:17:14.601, P2, 1950 MHz, 6800 MHz, 39 %, 272.75 W
2026/10/09 23:17:14.705, P2, 1950 MHz, 6800 MHz, 39 %, 152.33 W
2026/10/09 23:17:14.809, P2, 1950 MHz, 6800 MHz, 39 %, 94.57 W
2026/10/09 23:17:14.913, P2, 1950 MHz, 6800 MHz, 39 %, 94.76 W
2026/10/09 23:17:15.017, P2, 1950 MHz, 6800 MHz, 58 %, 94.75 W
2026/10/09 23:17:15.123, P2, 1950 MHz, 6800 MHz, 58 %, 95.16 W
2026/10/09 23:17:15.227, P2, 1950 MHz, 6800 MHz, 58 %, 94.56 W
2026/10/09 23:17:15.331, P2, 1950 MHz, 6800 MHz, 58 %, 94.56 W
2026/10/09 23:17:15.434, P2, 1950 MHz, 6800 MHz, 58 %, 93.92 W
2026/10/09 23:17:15.538, P2, 1950 MHz, 6800 MHz, 58 %, 94.31 W
2026/10/09 23:17:15.643, P2, 1950 MHz, 6800 MHz, 58 %, 94.73 W
2026/10/09 23:17:15.747, P2, 1950 MHz, 6800 MHz, 58 %, 94.36 W
2026/10/09 23:17:15.850, P2, 1950 MHz, 6800 MHz, 58 %, 94.20 W
2026/10/09 23:17:15.954, P2, 1950 MHz, 6800 MHz, 58 %, 94.32 W
2026/10/09 23:17:16.058, P2, 1950 MHz, 6800 MHz, 0 %, 94.14 W
2026/10/09 23:17:16.161, P2, 1950 MHz, 6800 MHz, 0 %, 93.95 W
2026/10/09 23:17:16.266, P2, 1950 MHz, 6800 MHz, 0 %, 94.20 W
2026/10/09 23:17:16.370, P2, 1950 MHz, 6800 MHz, 0 %, 94.07 W
2026/10/09 23:17:16.473, P2, 1350 MHz, 6800 MHz, 0 %, 91.19 W
2026/10/09 23:17:16.578, P2, 1350 MHz, 6800 MHz, 0 %, 67.36 W
2026/10/09 23:17:16.682, P2, 1350 MHz, 6800 MHz, 0 %, 68.14 W
2026/10/09 23:17:16.813, P2, 1350 MHz, 6800 MHz, 0 %, 69.67 W
2026/10/09 23:17:16.917, P2, 1350 MHz, 6800 MHz, 0 %, 67.38 W
2026/10/09 23:17:17.022, P2, 1350 MHz, 6800 MHz, 0 %, 68.30 W
2026/10/09 23:17:17.126, P2, 1350 MHz, 6800 MHz, 0 %, 67.94 W
2026/10/09 23:17:17.230, P2, 1350 MHz, 6800 MHz, 0 %, 68.10 W
2026/10/09 23:17:17.336, P2, 1350 MHz, 6800 MHz, 0 %, 68.17 W
2026/10/09 23:17:17.440, P2, 1350 MHz, 6800 MHz, 0 %, 68.20 W
2026/10/09 23:17:17.544, P2, 1350 MHz, 6800 MHz, 0 %, 68.18 W
2026/10/09 23:17:17.649, P2, 1350 MHz, 6800 MHz, 0 %, 68.11 W
2026/10/09 23:17:17.754, P2, 1350 MHz, 6800 MHz, 0 %, 68.16 W
2026/10/09 23:17:17.859, P2, 1350 MHz, 6800 MHz, 0 %, 68.20 W
2026/10/09 23:17:17.963, P2, 1350 MHz, 6800 MHz, 0 %, 67.97 W
2026/10/09 23:17:18.067, P2, 1350 MHz, 6800 MHz, 0 %, 67.99 W
2026/10/09 23:17:18.172, P2, 1350 MHz, 6800 MHz, 0 %, 68.10 W
2026/10/09 23:17:18.278, P2, 1350 MHz, 6800 MHz, 0 %, 67.95 W
2026/10/09 23:17:18.382, P2, 1350 MHz, 6800 MHz, 0 %, 89.40 W
2026/10/09 23:17:18.488, P2, 1920 MHz, 6800 MHz, 0 %, 147.82 W
2026/10/09 23:17:18.593, P2, 1965 MHz, 6800 MHz, 0 %, 217.73 W
2026/10/09 23:17:18.697, P2, 1905 MHz, 6800 MHz, 0 %, 253.57 W
2026/10/09 23:17:18.825, P2, 1950 MHz, 6800 MHz, 0 %, 253.44 W
2026/10/09 23:17:19.031, P2, 1950 MHz, 6800 MHz, 0 %, 213.82 W
2026/10/09 23:17:19.135, P2, 1935 MHz, 6800 MHz, 60 %, 190.85 W
2026/10/09 23:17:19.240, P2, 1935 MHz, 6800 MHz, 60 %, 252.55 W
2026/10/09 23:17:19.345, P2, 1950 MHz, 6800 MHz, 60 %, 242.88 W
2026/10/09 23:17:19.449, P2, 1950 MHz, 6800 MHz, 60 %, 283.57 W
2026/10/09 23:17:19.556, P2, 1950 MHz, 6800 MHz, 60 %, 162.75 W
2026/10/09 23:17:19.659, P2, 1950 MHz, 6800 MHz, 60 %, 95.09 W
2026/10/09 23:17:19.763, P2, 1950 MHz, 6800 MHz, 60 %, 94.55 W
2026/10/09 23:17:19.867, P2, 1950 MHz, 6800 MHz, 60 %, 94.14 W
2026/10/09 23:17:19.970, P2, 1950 MHz, 6800 MHz, 60 %, 94.50 W
2026/10/09 23:17:20.075, P2, 1950 MHz, 6800 MHz, 39 %, 94.65 W
2026/10/09 23:17:20.179, P2, 1950 MHz, 6800 MHz, 39 %, 94.38 W
2026/10/09 23:17:20.282, P2, 1950 MHz, 6800 MHz, 39 %, 94.27 W
2026/10/09 23:17:20.386, P2, 1950 MHz, 6800 MHz, 39 %, 94.45 W
2026/10/09 23:17:20.490, P2, 1950 MHz, 6800 MHz, 39 %, 94.29 W
2026/10/09 23:17:20.593, P2, 1950 MHz, 6800 MHz, 39 %, 94.20 W
2026/10/09 23:17:20.698, P2, 1950 MHz, 6800 MHz, 39 %, 94.45 W
2026/10/09 23:17:20.802, P2, 1950 MHz, 6800 MHz, 39 %, 94.29 W
2026/10/09 23:17:20.906, P2, 1950 MHz, 6800 MHz, 39 %, 94.12 W
2026/10/09 23:17:21.009, P2, 1950 MHz, 6800 MHz, 39 %, 94.30 W
2026/10/09 23:17:21.113, P2, 1950 MHz, 6800 MHz, 0 %, 94.13 W
2026/10/09 23:17:21.216, P2, 1950 MHz, 6800 MHz, 0 %, 94.17 W
2026/10/09 23:17:21.321, P2, 1350 MHz, 6800 MHz, 0 %, 90.58 W
2026/10/09 23:17:21.426, P2, 1350 MHz, 6800 MHz, 0 %, 67.29 W
2026/10/09 23:17:21.530, P2, 1350 MHz, 6800 MHz, 0 %, 68.41 W
2026/10/09 23:17:21.651, P2, 1350 MHz, 6800 MHz, 0 %, 68.92 W
2026/10/09 23:17:21.755, P2, 1350 MHz, 6800 MHz, 0 %, 67.78 W
2026/10/09 23:17:21.860, P2, 1350 MHz, 6800 MHz, 0 %, 68.41 W
2026/10/09 23:17:21.965, P2, 1350 MHz, 6800 MHz, 0 %, 68.35 W
2026/10/09 23:17:22.071, P2, 1350 MHz, 6800 MHz, 0 %, 68.77 W
2026/10/09 23:17:22.176, P2, 1350 MHz, 6800 MHz, 0 %, 68.32 W
2026/10/09 23:17:22.280, P2, 1350 MHz, 6800 MHz, 0 %, 68.19 W
2026/10/09 23:17:22.385, P2, 1350 MHz, 6800 MHz, 0 %, 68.61 W
2026/10/09 23:17:22.490, P2, 1350 MHz, 6800 MHz, 0 %, 68.29 W
2026/10/09 23:17:22.595, P2, 1350 MHz, 6800 MHz, 0 %, 68.30 W
2026/10/09 23:17:22.699, P2, 1350 MHz, 6800 MHz, 0 %, 68.34 W
2026/10/09 23:17:22.804, P2, 1350 MHz, 6800 MHz, 0 %, 68.39 W
2026/10/09 23:17:22.908, P2, 1350 MHz, 6800 MHz, 0 %, 68.56 W
2026/10/09 23:17:23.014, P2, 1350 MHz, 6800 MHz, 0 %, 132.26 W
2026/10/09 23:17:23.120, P2, 1935 MHz, 6800 MHz, 17 %, 156.32 W
2026/10/09 23:17:23.225, P2, 1935 MHz, 6800 MHz, 17 %, 260.61 W
2026/10/09 23:17:23.330, P2, 1965 MHz, 6800 MHz, 17 %, 257.25 W
2026/10/09 23:17:23.457, P2, 1890 MHz, 6800 MHz, 17 %, 256.62 W
2026/10/09 23:17:23.563, P2, 1950 MHz, 6800 MHz, 17 %, 222.99 W
2026/10/09 23:17:23.668, P2, 1950 MHz, 6800 MHz, 17 %, 239.41 W
2026/10/09 23:17:23.776, P2, 1950 MHz, 6800 MHz, 17 %, 257.12 W
2026/10/09 23:17:23.880, P2, 1950 MHz, 6800 MHz, 17 %, 243.11 W
2026/10/09 23:17:23.985, P2, 1950 MHz, 6800 MHz, 17 %, 274.97 W
2026/10/09 23:17:24.093, P2, 1950 MHz, 6800 MHz, 84 %, 141.44 W
2026/10/09 23:17:24.196, P2, 1950 MHz, 6800 MHz, 84 %, 94.80 W
2026/10/09 23:17:24.300, P2, 1950 MHz, 6800 MHz, 84 %, 94.46 W
2026/10/09 23:17:24.403, P2, 1950 MHz, 6800 MHz, 84 %, 94.81 W
2026/10/09 23:17:24.507, P2, 1950 MHz, 6800 MHz, 84 %, 94.69 W
2026/10/09 23:17:24.612, P2, 1950 MHz, 6800 MHz, 84 %, 95.02 W
2026/10/09 23:17:24.716, P2, 1950 MHz, 6800 MHz, 84 %, 94.66 W
2026/10/09 23:17:24.819, P2, 1950 MHz, 6800 MHz, 84 %, 94.60 W
2026/10/09 23:17:24.923, P2, 1950 MHz, 6800 MHz, 84 %, 94.52 W
2026/10/09 23:17:25.027, P2, 1950 MHz, 6800 MHz, 84 %, 94.64 W
2026/10/09 23:17:25.130, P2, 1950 MHz, 6800 MHz, 0 %, 94.68 W
2026/10/09 23:17:25.236, P2, 1950 MHz, 6800 MHz, 0 %, 94.82 W
2026/10/09 23:17:25.339, P2, 1950 MHz, 6800 MHz, 0 %, 94.57 W
2026/10/09 23:17:25.443, P2, 1950 MHz, 6800 MHz, 0 %, 94.13 W
2026/10/09 23:17:25.546, P2, 1950 MHz, 6800 MHz, 0 %, 94.12 W
2026/10/09 23:17:25.650, P2, 1950 MHz, 6800 MHz, 0 %, 94.33 W
2026/10/09 23:17:25.755, P2, 1350 MHz, 6800 MHz, 0 %, 90.54 W
2026/10/09 23:17:25.859, P2, 1350 MHz, 6800 MHz, 0 %, 67.50 W
2026/10/09 23:17:25.964, P2, 1350 MHz, 6800 MHz, 0 %, 68.55 W
2026/10/09 23:17:26.070, P2, 1350 MHz, 6800 MHz, 0 %, 68.15 W
2026/10/09 23:17:26.175, P2, 1350 MHz, 6800 MHz, 0 %, 67.85 W
2026/10/09 23:17:26.281, P2, 1350 MHz, 6800 MHz, 0 %, 68.33 W
2026/10/09 23:17:26.385, P2, 1350 MHz, 6800 MHz, 0 %, 68.51 W
2026/10/09 23:17:26.489, P2, 1350 MHz, 6800 MHz, 0 %, 68.57 W
2026/10/09 23:17:26.596, P2, 1350 MHz, 6800 MHz, 0 %, 68.82 W
2026/10/09 23:17:26.702, P2, 1350 MHz, 6800 MHz, 0 %, 68.70 W
2026/10/09 23:17:26.806, P2, 1350 MHz, 6800 MHz, 0 %, 68.67 W
2026/10/09 23:17:26.911, P2, 1350 MHz, 6800 MHz, 0 %, 68.03 W
2026/10/09 23:17:27.015, P2, 1350 MHz, 6800 MHz, 0 %, 68.49 W
2026/10/09 23:17:27.120, P2, 1350 MHz, 6800 MHz, 0 %, 68.55 W
2026/10/09 23:17:27.225, P2, 1350 MHz, 6800 MHz, 0 %, 68.80 W
2026/10/09 23:17:27.330, P2, 1350 MHz, 6800 MHz, 0 %, 68.61 W
2026/10/09 23:17:27.434, P2, 1350 MHz, 6800 MHz, 0 %, 68.41 W
2026/10/09 23:17:27.539, P2, 1350 MHz, 6800 MHz, 0 %, 124.51 W
2026/10/09 23:17:27.647, P2, 1350 MHz, 6800 MHz, 0 %, 139.67 W
2026/10/09 23:17:27.752, P2, 1965 MHz, 6800 MHz, 0 %, 121.78 W
2026/10/09 23:17:27.857, P2, 1965 MHz, 6800 MHz, 0 %, 266.94 W
2026/10/09 23:17:27.962, P2, 1905 MHz, 6800 MHz, 0 %, 260.07 W
2026/10/09 23:17:28.101, P2, 1920 MHz, 6800 MHz, 59 %, 242.11 W
2026/10/09 23:17:28.206, P2, 1875 MHz, 6800 MHz, 59 %, 236.13 W
2026/10/09 23:17:28.310, P2, 1875 MHz, 6800 MHz, 59 %, 267.98 W
2026/10/09 23:17:28.419, P2, 1920 MHz, 6800 MHz, 59 %, 258.59 W
2026/10/09 23:17:28.527, P2, 1950 MHz, 6800 MHz, 59 %, 246.66 W
2026/10/09 23:17:28.632, P2, 1950 MHz, 6800 MHz, 59 %, 101.16 W
2026/10/09 23:17:28.736, P2, 1950 MHz, 6800 MHz, 59 %, 95.03 W
2026/10/09 23:17:28.841, P2, 1950 MHz, 6800 MHz, 59 %, 95.37 W
2026/10/09 23:17:28.945, P2, 1950 MHz, 6800 MHz, 59 %, 94.96 W
2026/10/09 23:17:29.048, P2, 1950 MHz, 6800 MHz, 59 %, 94.98 W
2026/10/09 23:17:29.152, P2, 1950 MHz, 6800 MHz, 43 %, 94.92 W
2026/10/09 23:17:29.256, P2, 1950 MHz, 6800 MHz, 43 %, 94.84 W
2026/10/09 23:17:29.359, P2, 1950 MHz, 6800 MHz, 43 %, 94.90 W
2026/10/09 23:17:29.464, P2, 1950 MHz, 6800 MHz, 43 %, 95.10 W
2026/10/09 23:17:29.568, P2, 1950 MHz, 6800 MHz, 43 %, 94.90 W
2026/10/09 23:17:29.672, P2, 1950 MHz, 6800 MHz, 43 %, 94.73 W
2026/10/09 23:17:29.775, P2, 1950 MHz, 6800 MHz, 43 %, 94.54 W
2026/10/09 23:17:29.879, P2, 1950 MHz, 6800 MHz, 43 %, 94.42 W
2026/10/09 23:17:29.982, P2, 1950 MHz, 6800 MHz, 43 %, 94.53 W
2026/10/09 23:17:30.087, P2, 1950 MHz, 6800 MHz, 43 %, 94.75 W
2026/10/09 23:17:30.191, P2, 1950 MHz, 6800 MHz, 0 %, 94.44 W
2026/10/09 23:17:30.294, P2, 1950 MHz, 6800 MHz, 0 %, 94.49 W
2026/10/09 23:17:30.398, P2, 1350 MHz, 6800 MHz, 0 %, 90.43 W
2026/10/09 23:17:30.502, P2, 1350 MHz, 6800 MHz, 0 %, 67.81 W
2026/10/09 23:17:30.608, P2, 1350 MHz, 6800 MHz, 0 %, 68.86 W
2026/10/09 23:17:30.713, P2, 1350 MHz, 6800 MHz, 0 %, 70.23 W
2026/10/09 23:17:30.906, P2, 1350 MHz, 6800 MHz, 0 %, 71.36 W
2026/10/09 23:17:31.010, P2, 1350 MHz, 6800 MHz, 0 %, 68.10 W
2026/10/09 23:17:31.116, P2, 1350 MHz, 6800 MHz, 0 %, 68.95 W
2026/10/09 23:17:31.221, P2, 1350 MHz, 6800 MHz, 0 %, 68.81 W
2026/10/09 23:17:31.325, P2, 1350 MHz, 6800 MHz, 0 %, 68.81 W
2026/10/09 23:17:31.430, P2, 1350 MHz, 6800 MHz, 0 %, 68.57 W
2026/10/09 23:17:31.534, P2, 1350 MHz, 6800 MHz, 0 %, 68.77 W
2026/10/09 23:17:31.640, P2, 1350 MHz, 6800 MHz, 0 %, 69.08 W
2026/10/09 23:17:31.744, P2, 1350 MHz, 6800 MHz, 0 %, 68.46 W
2026/10/09 23:17:31.849, P2, 1350 MHz, 6800 MHz, 0 %, 68.89 W
2026/10/09 23:17:31.953, P2, 1350 MHz, 6800 MHz, 0 %, 68.64 W
2026/10/09 23:17:32.058, P2, 1350 MHz, 6800 MHz, 0 %, 68.66 W
2026/10/09 23:17:32.163, P2, 1350 MHz, 6800 MHz, 0 %, 68.63 W
2026/10/09 23:17:32.267, P2, 1350 MHz, 6800 MHz, 0 %, 95.45 W
2026/10/09 23:17:32.372, P2, 1890 MHz, 6800 MHz, 0 %, 156.39 W
2026/10/09 23:17:32.477, P2, 1890 MHz, 6800 MHz, 0 %, 254.07 W
2026/10/09 23:17:32.584, P2, 1920 MHz, 6800 MHz, 0 %, 251.98 W
2026/10/09 23:17:32.709, P2, 1965 MHz, 6800 MHz, 0 %, 258.34 W
2026/10/09 23:17:32.815, P2, 1935 MHz, 6800 MHz, 0 %, 286.75 W
2026/10/09 23:17:32.923, P2, 1935 MHz, 6800 MHz, 0 %, 273.54 W
2026/10/09 23:17:33.030, P2, 1950 MHz, 6800 MHz, 0 %, 267.56 W
2026/10/09 23:17:33.142, P2, 1950 MHz, 6800 MHz, 92 %, 250.90 W
2026/10/09 23:17:33.247, P2, 1950 MHz, 6800 MHz, 92 %, 271.35 W
2026/10/09 23:17:33.351, P2, 1950 MHz, 6800 MHz, 92 %, 200.14 W
2026/10/09 23:17:33.457, P2, 1950 MHz, 6800 MHz, 92 %, 193.74 W
2026/10/09 23:17:33.561, P2, 1950 MHz, 6800 MHz, 92 %, 95.30 W
2026/10/09 23:17:33.665, P2, 1950 MHz, 6800 MHz, 92 %, 95.22 W
2026/10/09 23:17:33.768, P2, 1950 MHz, 6800 MHz, 92 %, 95.46 W
2026/10/09 23:17:33.872, P2, 1950 MHz, 6800 MHz, 92 %, 95.39 W
2026/10/09 23:17:33.977, P2, 1950 MHz, 6800 MHz, 92 %, 95.57 W
2026/10/09 23:17:34.081, P2, 1950 MHz, 6800 MHz, 92 %, 95.30 W
2026/10/09 23:17:34.184, P2, 1950 MHz, 6800 MHz, 29 %, 95.22 W
2026/10/09 23:17:34.288, P2, 1950 MHz, 6800 MHz, 29 %, 95.27 W
2026/10/09 23:17:34.391, P2, 1950 MHz, 6800 MHz, 29 %, 95.14 W
2026/10/09 23:17:34.495, P2, 1950 MHz, 6800 MHz, 29 %, 95.15 W
2026/10/09 23:17:34.600, P2, 1950 MHz, 6800 MHz, 29 %, 95.43 W
2026/10/09 23:17:34.704, P2, 1950 MHz, 6800 MHz, 29 %, 95.19 W
2026/10/09 23:17:34.807, P2, 1950 MHz, 6800 MHz, 29 %, 95.09 W
2026/10/09 23:17:34.911, P2, 1950 MHz, 6800 MHz, 29 %, 95.12 W
2026/10/09 23:17:35.014, P2, 1950 MHz, 6800 MHz, 29 %, 95.09 W
2026/10/09 23:17:35.118, P2, 1950 MHz, 6800 MHz, 29 %, 95.08 W
2026/10/09 23:17:35.223, P2, 1950 MHz, 6800 MHz, 0 %, 95.38 W
2026/10/09 23:17:35.326, P2, 1950 MHz, 6800 MHz, 0 %, 95.00 W
2026/10/09 23:17:35.430, P2, 1350 MHz, 6800 MHz, 0 %, 90.63 W
2026/10/09 23:17:35.535, P2, 1350 MHz, 6800 MHz, 0 %, 67.95 W
2026/10/09 23:17:35.640, P2, 1350 MHz, 6800 MHz, 0 %, 68.99 W
2026/10/09 23:17:35.744, P2, 1350 MHz, 6800 MHz, 0 %, 68.31 W
2026/10/09 23:17:35.850, P2, 1350 MHz, 6800 MHz, 0 %, 68.48 W
2026/10/09 23:17:35.955, P2, 1350 MHz, 6800 MHz, 0 %, 68.73 W
2026/10/09 23:17:36.060, P2, 1350 MHz, 6800 MHz, 0 %, 70.08 W
2026/10/09 23:17:36.165, P2, 1950 MHz, 6800 MHz, 22 %, 70.19 W
2026/10/09 23:17:36.271, P2, 1950 MHz, 6800 MHz, 22 %, 76.22 W
2026/10/09 23:17:36.375, P2, 1950 MHz, 6800 MHz, 22 %, 107.48 W
2026/10/09 23:17:36.479, P2, 1950 MHz, 6800 MHz, 22 %, 104.63 W
2026/10/09 23:17:36.583, P2, 1950 MHz, 6800 MHz, 22 %, 112.70 W
2026/10/09 23:17:36.686, P2, 1950 MHz, 6800 MHz, 22 %, 105.77 W
2026/10/09 23:17:36.791, P2, 1950 MHz, 6800 MHz, 22 %, 102.90 W
2026/10/09 23:17:36.896, P2, 1950 MHz, 6800 MHz, 22 %, 113.51 W
2026/10/09 23:17:36.999, P2, 1950 MHz, 6800 MHz, 22 %, 103.68 W
2026/10/09 23:17:37.103, P2, 1950 MHz, 6800 MHz, 22 %, 108.16 W
2026/10/09 23:17:37.207, P2, 1950 MHz, 6800 MHz, 8 %, 111.41 W
2026/10/09 23:17:37.310, P2, 1950 MHz, 6800 MHz, 8 %, 103.83 W
2026/10/09 23:17:37.416, P2, 1950 MHz, 6800 MHz, 8 %, 118.45 W
2026/10/09 23:17:37.520, P2, 1950 MHz, 6800 MHz, 8 %, 104.53 W
2026/10/09 23:17:37.623, P2, 1950 MHz, 6800 MHz, 8 %, 114.05 W
2026/10/09 23:17:37.727, P2, 1950 MHz, 6800 MHz, 8 %, 104.54 W
2026/10/09 23:17:37.830, P2, 1950 MHz, 6800 MHz, 8 %, 115.08 W
2026/10/09 23:17:37.936, P2, 1950 MHz, 6800 MHz, 8 %, 104.42 W
2026/10/09 23:17:38.039, P2, 1350 MHz, 6800 MHz, 8 %, 105.74 W
2026/10/09 23:17:38.144, P2, 1350 MHz, 6800 MHz, 8 %, 73.56 W
2026/10/09 23:17:38.249, P2, 1350 MHz, 6800 MHz, 8 %, 76.68 W
2026/10/09 23:17:38.353, P2, 1350 MHz, 6800 MHz, 8 %, 75.90 W
2026/10/09 23:17:38.461, P2, 1350 MHz, 6800 MHz, 8 %, 73.44 W
2026/10/09 23:17:38.566, P2, 1350 MHz, 6800 MHz, 8 %, 76.03 W
2026/10/09 23:17:38.671, P2, 1350 MHz, 6800 MHz, 8 %, 75.12 W
2026/10/09 23:17:38.776, P2, 1350 MHz, 6800 MHz, 8 %, 75.58 W
2026/10/09 23:17:38.884, P2, 1350 MHz, 6800 MHz, 8 %, 73.82 W
2026/10/09 23:17:38.989, P2, 1350 MHz, 6800 MHz, 8 %, 76.31 W
2026/10/09 23:17:39.153, P2, 1350 MHz, 6800 MHz, 8 %, 75.98 W
2026/10/09 23:17:39.257, P2, 1350 MHz, 6800 MHz, 11 %, 76.93 W
2026/10/09 23:17:39.362, P2, 1350 MHz, 6800 MHz, 11 %, 73.32 W
2026/10/09 23:17:39.470, P2, 1350 MHz, 6800 MHz, 11 %, 78.15 W
2026/10/09 23:17:39.575, P2, 1350 MHz, 6800 MHz, 11 %, 73.61 W
2026/10/09 23:17:39.680, P2, 1350 MHz, 6800 MHz, 11 %, 73.71 W
2026/10/09 23:17:39.784, P2, 1350 MHz, 6800 MHz, 11 %, 77.05 W
2026/10/09 23:17:39.889, P2, 1350 MHz, 6800 MHz, 11 %, 75.99 W
2026/10/09 23:17:39.997, P2, 1350 MHz, 6800 MHz, 11 %, 73.80 W
2026/10/09 23:17:40.102, P2, 1350 MHz, 6800 MHz, 11 %, 76.74 W
2026/10/09 23:17:40.207, P2, 1350 MHz, 6800 MHz, 11 %, 77.13 W
2026/10/09 23:17:40.311, P2, 1350 MHz, 6800 MHz, 11 %, 73.38 W
2026/10/09 23:17:40.419, P2, 1350 MHz, 6800 MHz, 11 %, 73.94 W
2026/10/09 23:17:40.524, P2, 1350 MHz, 6800 MHz, 11 %, 77.26 W
2026/10/09 23:17:40.629, P2, 1350 MHz, 6800 MHz, 11 %, 75.43 W
2026/10/09 23:17:40.733, P2, 1350 MHz, 6800 MHz, 11 %, 75.46 W
2026/10/09 23:17:40.840, P2, 1350 MHz, 6800 MHz, 11 %, 73.78 W
2026/10/09 23:17:40.945, P2, 1350 MHz, 6800 MHz, 11 %, 77.40 W
2026/10/09 23:17:41.049, P2, 1350 MHz, 6800 MHz, 11 %, 75.64 W
2026/10/09 23:17:41.154, P2, 1350 MHz, 6800 MHz, 11 %, 74.59 W
2026/10/09 23:17:41.258, P2, 1350 MHz, 6800 MHz, 11 %, 75.58 W
2026/10/09 23:17:41.366, P2, 1350 MHz, 6800 MHz, 11 %, 73.29 W
2026/10/09 23:17:41.470, P2, 1350 MHz, 6800 MHz, 11 %, 76.86 W
2026/10/09 23:17:41.575, P2, 1350 MHz, 6800 MHz, 11 %, 72.94 W
2026/10/09 23:17:41.679, P2, 1350 MHz, 6800 MHz, 11 %, 78.17 W
2026/10/09 23:17:41.787, P2, 1350 MHz, 6800 MHz, 11 %, 71.97 W
2026/10/09 23:17:41.893, P2, 1350 MHz, 6800 MHz, 11 %, 77.10 W
2026/10/09 23:17:41.997, P2, 1350 MHz, 6800 MHz, 11 %, 77.09 W
2026/10/09 23:17:42.102, P2, 1350 MHz, 6800 MHz, 11 %, 74.07 W
2026/10/09 23:17:42.206, P2, 1350 MHz, 6800 MHz, 11 %, 73.53 W
2026/10/09 23:17:42.315, P2, 1350 MHz, 6800 MHz, 11 %, 75.87 W
2026/10/09 23:17:42.420, P2, 1350 MHz, 6800 MHz, 11 %, 75.57 W
2026/10/09 23:17:42.525, P2, 1350 MHz, 6800 MHz, 11 %, 76.16 W
2026/10/09 23:17:42.629, P2, 1350 MHz, 6800 MHz, 11 %, 74.69 W
2026/10/09 23:17:42.737, P2, 1350 MHz, 6800 MHz, 11 %, 77.97 W
2026/10/09 23:17:42.841, P2, 1350 MHz, 6800 MHz, 11 %, 73.20 W
2026/10/09 23:17:42.946, P2, 1350 MHz, 6800 MHz, 11 %, 77.67 W
2026/10/09 23:17:43.050, P2, 1350 MHz, 6800 MHz, 11 %, 75.40 W
2026/10/09 23:17:43.157, P2, 1350 MHz, 6800 MHz, 11 %, 75.40 W
2026/10/09 23:17:43.261, P2, 1350 MHz, 6800 MHz, 12 %, 74.73 W
2026/10/09 23:17:43.366, P2, 1350 MHz, 6800 MHz, 12 %, 76.29 W
2026/10/09 23:17:43.470, P2, 1350 MHz, 6800 MHz, 12 %, 76.10 W
2026/10/09 23:17:43.575, P2, 1350 MHz, 6800 MHz, 12 %, 76.47 W
2026/10/09 23:17:43.683, P2, 1350 MHz, 6800 MHz, 12 %, 76.47 W
2026/10/09 23:17:43.787, P2, 1350 MHz, 6800 MHz, 12 %, 73.62 W
2026/10/09 23:17:43.892, P2, 1350 MHz, 6800 MHz, 12 %, 75.67 W
2026/10/09 23:17:43.996, P2, 1350 MHz, 6800 MHz, 12 %, 76.77 W
2026/10/09 23:17:44.104, P2, 1350 MHz, 6800 MHz, 12 %, 75.51 W
2026/10/09 23:17:44.209, P2, 1350 MHz, 6800 MHz, 10 %, 71.77 W
2026/10/09 23:17:44.314, P2, 1350 MHz, 6800 MHz, 10 %, 68.93 W
2026/10/09 23:17:44.418, P2, 1350 MHz, 6800 MHz, 10 %, 68.69 W
